_LocSlot;_PhraseId;_SheetId;_Recommended;_CraftParameters.Durability;_CraftParameters.Weight;_CraftParameters.SapLoad;_CraftParameters.StatEnergy;_CraftParameters.DodgeModifier;_CraftParameters.ParryModifier;_CraftParameters.ProtectionFactor;_CraftParameters.MaxSlashingProtection;_CraftParameters.MaxBluntProtection;_CraftParameters.MaxPiercingProtection;_CraftParameters.Color;_CraftParameters.HpBuff;_CraftParameters.StaBuff;_CraftParameters.Protection
0;TEST_ITEM_1;icfahb.sitem;10;10.000000;10.000000;10.000000;10.000000;10.000000;10.000000;10.000000;10.000000;10.000000;10.000000;8;10;10;Acid
1;boss1_fyros_gloves;iccahg.sitem;200;1.000000;1.000000;1000.000000;3.000000;1.250000;1.250000;1.000000;1.000000;1.000000;1.000000;1;150;50;Fire
2;boss1_fyros_boots;iccahb.sitem;200;1.000000;1.000000;1000.000000;3.000000;1.250000;1.250000;1.000000;1.000000;1.000000;1.000000;1;150;50;Fire
3;boss1_fyros_pants;iccahp.sitem;200;1.000000;1.000000;1000.000000;3.000000;1.250000;1.250000;1.000000;1.000000;1.000000;1.000000;1;150;50;Fire
4;boss1_fyros_vest;iccahv.sitem;200;1.000000;1.000000;1000.000000;3.000000;1.250000;1.250000;1.000000;1.000000;1.000000;1.000000;1;150;50;Fire
5;boss1_fyros_sleeves;iccahs.sitem;200;1.000000;1.000000;1000.000000;3.000000;1.250000;1.250000;1.000000;1.000000;1.000000;1.000000;1;150;50;Fire
6;boss1_fyros_helmet;iccahh.sitem;200;1.000000;1.000000;1000.000000;3.000000;1.250000;1.250000;1.000000;1.000000;1.000000;1.000000;1;150;50;Fire
7;boss1_matis_gloves;iccahg.sitem;200;1.000000;1.000000;1000.000000;3.000000;1.250000;1.250000;1.000000;1.000000;1.000000;1.000000;2;150;50;Poison
8;boss1_matis_boots;iccahb.sitem;200;1.000000;1.000000;1000.000000;3.000000;1.250000;1.250000;1.000000;1.000000;1.000000;1.000000;2;150;50;Poison
9;boss1_matis_pants;iccahp.sitem;200;1.000000;1.000000;1000.000000;3.000000;1.250000;1.250000;1.000000;1.000000;1.000000;1.000000;2;150;50;Poison
10;boss1_matis_vest;iccahv.sitem;200;1.000000;1.000000;1000.000000;3.000000;1.250000;1.250000;1.000000;1.000000;1.000000;1.000000;2;150;50;Poison
11;boss1_matis_sleeves;iccahs.sitem;200;1.000000;1.000000;1000.000000;3.000000;1.250000;1.250000;1.000000;1.000000;1.000000;1.000000;2;150;50;Poison
12;boss1_matis_helmet;iccahh.sitem;200;1.000000;1.000000;1000.000000;3.000000;1.250000;1.250000;1.000000;1.000000;1.000000;1.000000;2;150;50;Poison
13;boss1_zorai_gloves;iccahg.sitem;200;1.000000;1.000000;1000.000000;3.000000;1.250000;1.250000;1.000000;1.000000;1.000000;1.000000;5;150;;electricity
14;boss1_zorai_boots;iccahb.sitem;200;1.000000;1.000000;1000.000000;3.000000;1.250000;1.250000;1.000000;1.000000;1.000000;1.000000;5;150;;electricity
15;boss1_zorai_pants;iccahp.sitem;200;1.000000;1.000000;1000.000000;3.000000;1.250000;1.250000;1.000000;1.000000;1.000000;1.000000;5;150;;electricity
16;boss1_zorai_vest;iccahv.sitem;200;1.000000;1.000000;1000.000000;3.000000;1.250000;1.250000;1.000000;1.000000;1.000000;1.000000;5;150;;electricity
17;boss1_zorai_sleeves;iccahs.sitem;200;1.000000;1.000000;1000.000000;3.000000;1.250000;1.250000;1.000000;1.000000;1.000000;1.000000;5;150;;electricity
18;boss1_zorai_helmet;iccahh.sitem;200;1.000000;1.000000;1000.000000;3.000000;1.250000;1.250000;1.000000;1.000000;1.000000;1.000000;5;150;;electricity
19;boss1_tryker_gloves;iccahg.sitem;200;1.000000;1.000000;1000.000000;3.000000;1.250000;1.250000;1.000000;1.000000;1.000000;1.000000;3;150;;shockwave
20;boss1_tryker_boots;iccahb.sitem;200;1.000000;1.000000;1000.000000;3.000000;1.250000;1.250000;1.000000;1.000000;1.000000;1.000000;3;150;;shockwave
21;boss1_tryker_pants;iccahp.sitem;200;1.000000;1.000000;1000.000000;3.000000;1.250000;1.250000;1.000000;1.000000;1.000000;1.000000;3;150;;shockwave
22;boss1_tryker_vest;iccahv.sitem;200;1.000000;1.000000;1000.000000;3.000000;1.250000;1.250000;1.000000;1.000000;1.000000;1.000000;3;150;;shockwave
23;boss1_tryker_sleeves;iccahs.sitem;200;1.000000;1.000000;1000.000000;3.000000;1.250000;1.250000;1.000000;1.000000;1.000000;1.000000;3;150;;shockwave
24;boss1_tryker_helmet;iccahh.sitem;200;1.000000;1.000000;1000.000000;3.000000;1.250000;1.250000;1.000000;1.000000;1.000000;1.000000;3;150;;shockwave
25;cute_cukan_anklet;ictja.sitem;190;1.000000;1.000000;;1.000000;;;;;;;;150;;
26;cute_cukan_bracelet;ictjb.sitem;190;1.000000;1.000000;;1.000000;;;;;;;;150;;
27;cute_cukan_diadem;ictjd.sitem;190;1.000000;1.000000;;1.000000;;;;;;;;150;;
28;cute_cukan_earring;ictje.sitem;190;1.000000;1.000000;;1.000000;;;;;;;;150;;
29;cute_cukan_pendant;ictjp.sitem;190;1.000000;1.000000;;1.000000;;;;;;;;150;;
30;cute_cukan_ring;ictjr.sitem;190;1.000000;1.000000;;1.000000;;;;;;;;150;;
31;cute_cukoo_anklet;ictja.sitem;140;1.000000;1.000000;;1.000000;;;;;;;;70;;
32;cute_cukoo_bracelet;ictjb.sitem;140;1.000000;1.000000;;1.000000;;;;;;;;70;;
33;cute_cukoo_diadem;ictjd.sitem;140;1.000000;1.000000;;1.000000;;;;;;;;70;;
34;cute_cukoo_earring;ictje.sitem;140;1.000000;1.000000;;1.000000;;;;;;;;70;;
35;cute_cukoo_pendant;ictjp.sitem;140;1.000000;1.000000;;1.000000;;;;;;;;70;;
36;cute_cukoo_ring;ictjr.sitem;140;1.000000;1.000000;;1.000000;;;;;;;;70;;
37;frahar_fraketh_anklet;icfja.sitem;140;1.000000;1.000000;;1.000000;;;;;;;;60;50;
38;frahar_fraketh_bracelet;icfjb.sitem;140;1.000000;1.000000;;1.000000;;;;;;;;60;50;
39;frahar_fraketh_diadem;icfjd.sitem;140;1.000000;1.000000;;1.000000;;;;;;;;60;50;
40;frahar_fraketh_earring;icfje.sitem;140;1.000000;1.000000;;1.000000;;;;;;;;60;50;
41;frahar_fraketh_pendant;icfjp.sitem;140;1.000000;1.000000;;1.000000;;;;;;;;60;50;
42;frahar_fraketh_ring;icfjr.sitem;140;1.000000;1.000000;;1.000000;;;;;;;;60;50;
43;gibbai_gibbakin_anklet;iczja.sitem;190;1.000000;1.000000;;1.000000;;;;;;;;;;
44;gibbai_gibbakin_bracelet;iczjb.sitem;190;1.000000;1.000000;;1.000000;;;;;;;;;;
45;gibbai_gibbakin_diadem;iczjd.sitem;190;1.000000;1.000000;;1.000000;;;;;;;;;;
46;gibbai_gibbakin_earring;iczje.sitem;190;1.000000;1.000000;;1.000000;;;;;;;;;;
47;gibbai_gibbakin_pendant;iczjp.sitem;190;1.000000;1.000000;;1.000000;;;;;;;;;;
48;gibbai_gibbakin_ring;iczjr.sitem;190;1.000000;1.000000;;1.000000;;;;;;;;;;
49;gibbai_gibbakya_anklet;iczja.sitem;190;1.000000;1.000000;;1.000000;;;;;;;;60;;
50;gibbai_gibbakya_bracelet;iczjb.sitem;190;1.000000;1.000000;;1.000000;;;;;;;;60;;
51;gibbai_gibbakya_diadem;iczjd.sitem;190;1.000000;1.000000;;1.000000;;;;;;;;60;;
52;gibbai_gibbakya_earring;iczje.sitem;190;1.000000;1.000000;;1.000000;;;;;;;;60;;
53;gibbai_gibbakya_pendant;iczjp.sitem;190;1.000000;1.000000;;1.000000;;;;;;;;60;;
54;gibbai_gibbakya_ring;iczjr.sitem;190;1.000000;1.000000;;1.000000;;;;;;;;60;;
55;cute_bodlin_anklet;ictja.sitem;130;0.750000;1.000000;;1.000000;;;;;;;;;30;
56;cute_bodlin_bracelet;ictjb.sitem;130;0.750000;1.000000;;1.000000;;;;;;;;;30;
57;cute_bodlin_diadem;ictjd.sitem;130;0.750000;1.000000;;1.000000;;;;;;;;;30;
58;cute_bodlin_earring;ictje.sitem;130;0.750000;1.000000;;1.000000;;;;;;;;;30;
59;cute_bodlin_pendant;ictjp.sitem;130;0.750000;1.000000;;1.000000;;;;;;;;;30;
60;cute_bodlin_ring;ictjr.sitem;130;0.750000;1.000000;;1.000000;;;;;;;;;30;
61;cute_doren_anklet;ictja.sitem;80;0.750000;1.000000;;1.000000;;;;;;;;;70;
62;cute_doren_bracelet;ictjb.sitem;80;0.750000;1.000000;;1.000000;;;;;;;;;;
63;cute_doren_diadem;ictjd.sitem;80;0.750000;1.000000;;1.000000;;;;;;;;;;
64;cute_doren_earring;ictje.sitem;80;0.750000;1.000000;;1.000000;;;;;;;;;;
65;cute_doren_pendant;ictjp.sitem;80;0.750000;1.000000;;1.000000;;;;;;;;;;
66;cute_doren_ring;ictjr.sitem;80;0.750000;1.000000;;1.000000;;;;;;;;;;
67;frahar_heffah_anklet;icfja.sitem;180;0.750000;1.000000;;1.000000;;;;;;;;130;;
68;frahar_heffah_bracelet;icfjb.sitem;180;0.750000;1.000000;;1.000000;;;;;;;;130;;
69;frahar_heffah_diadem;icfjd.sitem;180;0.750000;1.000000;;1.000000;;;;;;;;130;;
70;frahar_heffah_earring;icfje.sitem;180;0.750000;1.000000;;1.000000;;;;;;;;130;;
71;frahar_heffah_pendant;icfjp.sitem;180;0.750000;1.000000;;1.000000;;;;;;;;130;;
72;frahar_heffah_ring;icfjr.sitem;180;0.750000;1.000000;;1.000000;;;;;;;;130;;
73;frahar_scythe_anklet;icfja.sitem;130;0.750000;1.000000;;1.000000;;;;;;;;50;50;
74;frahar_scythe_bracelet;icfjb.sitem;130;0.750000;1.000000;;1.000000;;;;;;;;50;50;
75;frahar_scythe_diadem;icfjd.sitem;130;0.750000;1.000000;;1.000000;;;;;;;;50;50;
76;frahar_scythe_earring;icfje.sitem;130;0.750000;1.000000;;1.000000;;;;;;;;50;50;
77;frahar_scythe_pendant;icfjp.sitem;130;0.750000;1.000000;;1.000000;;;;;;;;50;50;
78;frahar_scythe_ring;icfjr.sitem;130;0.750000;1.000000;;1.000000;;;;;;;;50;50;
79;gibbai_jinbai_anklet;iczja.sitem;180;0.750000;1.000000;;1.000000;;;;;;;;50;80;
80;gibbai_jinbai_bracelet;iczjb.sitem;180;0.750000;1.000000;;1.000000;;;;;;;;50;80;
81;gibbai_jinbai_diadem;iczjd.sitem;180;0.750000;1.000000;;1.000000;;;;;;;;50;80;
82;gibbai_jinbai_earring;iczje.sitem;180;0.750000;1.000000;;1.000000;;;;;;;;50;80;
83;gibbai_jinbai_pendant;iczjp.sitem;180;0.750000;1.000000;;1.000000;;;;;;;;50;80;
84;gibbai_jinbai_ring;iczjr.sitem;180;0.750000;1.000000;;1.000000;;;;;;;;50;80;
85;gibbai_mahi_anklet;iczja.sitem;180;0.750000;1.000000;;1.000000;;;;;;;;;;
86;gibbai_mahi_bracelet;iczjb.sitem;180;0.750000;1.000000;;1.000000;;;;;;;;;;
87;gibbai_mahi_diadem;iczjd.sitem;180;0.750000;1.000000;;1.000000;;;;;;;;;;
88;gibbai_mahi_earring;iczje.sitem;180;0.750000;1.000000;;1.000000;;;;;;;;;;
89;gibbai_mahi_pendant;iczjp.sitem;180;0.750000;1.000000;;1.000000;;;;;;;;;;
90;gibbai_mahi_ring;iczjr.sitem;180;0.750000;1.000000;;1.000000;;;;;;;;;;
91;cute_dald8_anklet;ictja.sitem;130;0.750000;1.000000;;1.000000;;;;;;;;;70;
92;cute_dald8_bracelet;ictjb.sitem;130;0.750000;1.000000;;1.000000;;;;;;;;;70;
93;cute_dald8_diadem;ictjd.sitem;130;0.750000;1.000000;;1.000000;;;;;;;;;70;
94;cute_dald8_earring;ictje.sitem;130;0.750000;1.000000;;1.000000;;;;;;;;;70;
95;cute_dald8_pendant;ictjp.sitem;130;0.750000;1.000000;;1.000000;;;;;;;;;70;
96;cute_dald8_ring;ictjr.sitem;130;0.750000;1.000000;;1.000000;;;;;;;;;70;
97;cute_dale8_anklet;ictja.sitem;180;0.750000;1.000000;;1.000000;;;;;;;;130;;
98;cute_dale8_bracelet;ictjb.sitem;180;0.750000;1.000000;;1.000000;;;;;;;;130;;
99;cute_dale8_diadem;ictjd.sitem;180;0.750000;1.000000;;1.000000;;;;;;;;130;;
100;cute_dale8_earring;ictje.sitem;180;0.750000;1.000000;;1.000000;;;;;;;;130;;
101;cute_dale8_pendant;ictjp.sitem;180;0.750000;1.000000;;1.000000;;;;;;;;130;;
102;cute_dale8_ring;ictjr.sitem;180;0.750000;1.000000;;1.000000;;;;;;;;130;;
103;cute_dalf8_anklet;ictja.sitem;230;0.750000;1.000000;;1.000000;;;;;;;;;160;
104;cute_dalf8_bracelet;ictjb.sitem;230;0.750000;1.000000;;1.000000;;;;;;;;;160;
105;cute_dalf8_diadem;ictjd.sitem;230;0.750000;1.000000;;1.000000;;;;;;;;;160;
106;cute_dalf8_earring;ictje.sitem;230;0.750000;1.000000;;1.000000;;;;;;;;;160;
107;cute_dalf8_pendant;ictjp.sitem;230;0.750000;1.000000;;1.000000;;;;;;;;;160;
108;cute_dalf8_ring;ictjr.sitem;230;0.750000;1.000000;;1.000000;;;;;;;;;160;
109;cute_dapd8_anklet;ictja.sitem;130;0.750000;1.000000;;1.000000;;;;;;;;30;30;
110;cute_dapd8_bracelet;ictjb.sitem;130;0.750000;1.000000;;1.000000;;;;;;;;30;30;
111;cute_dapd8_diadem;ictjd.sitem;130;0.750000;1.000000;;1.000000;;;;;;;;30;30;
112;cute_dapd8_earring;ictje.sitem;130;0.750000;1.000000;;1.000000;;;;;;;;30;30;
113;cute_dapd8_pendant;ictjp.sitem;130;0.750000;1.000000;;1.000000;;;;;;;;30;30;
114;cute_dapd8_ring;ictjr.sitem;130;0.750000;1.000000;;1.000000;;;;;;;;30;30;
115;cute_dape8_anklet;ictja.sitem;180;0.750000;1.000000;;1.000000;;;;;;;;60;70;
116;cute_dape8_bracelet;ictjb.sitem;180;0.750000;1.000000;;1.000000;;;;;;;;60;70;
117;cute_dape8_diadem;ictjd.sitem;180;0.750000;1.000000;;1.000000;;;;;;;;60;70;
118;cute_dape8_earring;ictje.sitem;180;0.750000;1.000000;;1.000000;;;;;;;;60;70;
119;cute_dape8_pendant;ictjp.sitem;180;0.750000;1.000000;;1.000000;;;;;;;;60;70;
120;cute_dape8_ring;ictjr.sitem;180;0.750000;1.000000;;1.000000;;;;;;;;60;70;
121;cute_dapf8_anklet;ictja.sitem;230;0.750000;1.000000;;1.000000;;;;;;;;;;
122;cute_dapf8_bracelet;ictjb.sitem;230;0.750000;1.000000;;1.000000;;;;;;;;;;
123;cute_dapf8_diadem;ictjd.sitem;230;0.750000;1.000000;;1.000000;;;;;;;;;;
124;cute_dapf8_earring;ictje.sitem;230;0.750000;1.000000;;1.000000;;;;;;;;;;
125;cute_dapf8_pendant;ictjp.sitem;230;0.750000;1.000000;;1.000000;;;;;;;;;;
126;cute_dapf8_ring;ictjr.sitem;230;0.750000;1.000000;;1.000000;;;;;;;;;;
127;frahar_dcde8_anklet;icfja.sitem;180;0.750000;1.000000;;1.000000;;;;;;;;;130;
128;frahar_dcde8_bracelet;icfjb.sitem;180;0.750000;1.000000;;1.000000;;;;;;;;;130;
129;frahar_dcde8_diadem;icfjd.sitem;180;0.750000;1.000000;;1.000000;;;;;;;;;130;
130;frahar_dcde8_earring;icfje.sitem;180;0.750000;1.000000;;1.000000;;;;;;;;;130;
131;frahar_dcde8_pendant;icfjp.sitem;180;0.750000;1.000000;;1.000000;;;;;;;;;130;
132;frahar_dcde8_ring;icfjr.sitem;180;0.750000;1.000000;;1.000000;;;;;;;;;130;
133;frahar_dcdf8_anklet;icfja.sitem;230;0.750000;1.000000;;1.000000;;;;;;;;50;50;
134;frahar_dcdf8_bracelet;icfjb.sitem;230;0.750000;1.000000;;1.000000;;;;;;;;50;50;
135;frahar_dcdf8_diadem;icfjd.sitem;230;0.750000;1.000000;;1.000000;;;;;;;;50;50;
136;frahar_dcdf8_earring;icfje.sitem;230;0.750000;1.000000;;1.000000;;;;;;;;50;50;
137;frahar_dcdf8_pendant;icfjp.sitem;230;0.750000;1.000000;;1.000000;;;;;;;;50;50;
138;frahar_dcdf8_ring;icfjr.sitem;230;0.750000;1.000000;;1.000000;;;;;;;;50;50;
139;gibbai_dbfe8_anklet;iczja.sitem;180;0.750000;1.000000;;1.000000;;;;;;;;40;40;
140;gibbai_dbfe8_bracelet;iczjb.sitem;180;0.750000;1.000000;;1.000000;;;;;;;;40;40;
141;gibbai_dbfe8_diadem;iczjd.sitem;180;0.750000;1.000000;;1.000000;;;;;;;;40;40;
142;gibbai_dbfe8_earring;iczje.sitem;180;0.750000;1.000000;;1.000000;;;;;;;;40;40;
143;gibbai_dbfe8_pendant;iczjp.sitem;180;0.750000;1.000000;;1.000000;;;;;;;;40;40;
144;gibbai_dbfe8_ring;iczjr.sitem;180;0.750000;1.000000;;1.000000;;;;;;;;40;40;
145;gibbai_dbff8_anklet;iczja.sitem;230;0.750000;1.000000;;1.000000;;;;;;;;80;;
146;gibbai_dbff8_bracelet;iczjb.sitem;230;0.750000;1.000000;;1.000000;;;;;;;;80;;
147;gibbai_dbff8_diadem;iczjd.sitem;230;0.750000;1.000000;;1.000000;;;;;;;;80;;
148;gibbai_dbff8_earring;iczje.sitem;230;0.750000;1.000000;;1.000000;;;;;;;;80;;
149;gibbai_dbff8_pendant;iczjp.sitem;230;0.750000;1.000000;;1.000000;;;;;;;;80;;
150;gibbai_dbff8_ring;iczjr.sitem;230;0.750000;1.000000;;1.000000;;;;;;;;80;;
151;gibbai_dbje8_anklet;iczja.sitem;180;0.750000;1.000000;;1.000000;;;;;;;;;20;
152;gibbai_dbje8_bracelet;iczjb.sitem;180;0.750000;1.000000;;1.000000;;;;;;;;;20;
153;gibbai_dbje8_diadem;iczjd.sitem;180;0.750000;1.000000;;1.000000;;;;;;;;;20;
154;gibbai_dbje8_earring;iczje.sitem;180;0.750000;1.000000;;1.000000;;;;;;;;;20;
155;gibbai_dbje8_pendant;iczjp.sitem;180;0.750000;1.000000;;1.000000;;;;;;;;;20;
156;gibbai_dbje8_ring;iczjr.sitem;180;0.750000;1.000000;;1.000000;;;;;;;;;20;
157;boss2_fyros_gloves;iccamg.sitem;200;1.000000;1.000000;1000.000000;3.000000;1.250000;1.250000;1.000000;1.000000;1.000000;1.000000;1;100;100;Fire
158;boss2_fyros_boots;iccamb.sitem;200;1.000000;1.000000;1000.000000;3.000000;1.250000;1.250000;1.000000;1.000000;1.000000;1.000000;1;100;100;Fire
159;boss2_fyros_pants;iccamp.sitem;200;1.000000;1.000000;1000.000000;3.000000;1.250000;1.250000;1.000000;1.000000;1.000000;1.000000;1;100;100;Fire
160;boss2_fyros_vest;iccamv.sitem;200;1.000000;1.000000;1000.000000;3.000000;1.250000;1.250000;1.000000;1.000000;1.000000;1.000000;1;100;100;Fire
161;boss2_fyros_sleeves;iccams.sitem;200;1.000000;1.000000;1000.000000;3.000000;1.250000;1.250000;1.000000;1.000000;1.000000;1.000000;1;100;100;Fire
162;boss2_matis_gloves;iccamg.sitem;200;1.000000;1.000000;1000.000000;3.000000;1.250000;1.250000;1.000000;1.000000;1.000000;1.000000;2;100;100;Poison
163;boss2_matis_boots;iccamb.sitem;200;1.000000;1.000000;1000.000000;3.000000;1.250000;1.250000;1.000000;1.000000;1.000000;1.000000;2;100;100;Poison
164;boss2_matis_pants;iccamp.sitem;200;1.000000;1.000000;1000.000000;3.000000;1.250000;1.250000;1.000000;1.000000;1.000000;1.000000;2;100;100;Poison
165;boss2_matis_vest;iccamv.sitem;200;1.000000;1.000000;1000.000000;3.000000;1.250000;1.250000;1.000000;1.000000;1.000000;1.000000;2;100;100;Poison
166;boss2_matis_sleeves;iccams.sitem;200;1.000000;1.000000;1000.000000;3.000000;1.250000;1.250000;1.000000;1.000000;1.000000;1.000000;2;100;100;Poison
167;boss2_zorai_gloves;iccamg.sitem;200;1.000000;1.000000;1000.000000;3.000000;1.250000;1.250000;1.000000;1.000000;1.000000;1.000000;5;100;;electricity
168;boss2_zorai_boots;iccamb.sitem;200;1.000000;1.000000;1000.000000;3.000000;1.250000;1.250000;1.000000;1.000000;1.000000;1.000000;5;100;;electricity
169;boss2_zorai_pants;iccamp.sitem;200;1.000000;1.000000;1000.000000;3.000000;1.250000;1.250000;1.000000;1.000000;1.000000;1.000000;5;100;;electricity
170;boss2_zorai_vest;iccamv.sitem;200;1.000000;1.000000;1000.000000;3.000000;1.250000;1.250000;1.000000;1.000000;1.000000;1.000000;5;100;;electricity
171;boss2_zorai_sleeves;iccams.sitem;200;1.000000;1.000000;1000.000000;3.000000;1.250000;1.250000;1.000000;1.000000;1.000000;1.000000;5;100;;electricity
172;boss2_tryker_gloves;iccamg.sitem;200;1.000000;1.000000;1000.000000;3.000000;1.250000;1.250000;1.000000;1.000000;1.000000;1.000000;3;100;;shockwave
173;boss2_tryker_boots;iccamb.sitem;200;1.000000;1.000000;1000.000000;3.000000;1.250000;1.250000;1.000000;1.000000;1.000000;1.000000;3;100;;shockwave
174;boss2_tryker_pants;iccamp.sitem;200;1.000000;1.000000;1000.000000;3.000000;1.250000;1.250000;1.000000;1.000000;1.000000;1.000000;3;100;;shockwave
175;boss2_tryker_vest;iccamv.sitem;200;1.000000;1.000000;1000.000000;3.000000;1.250000;1.250000;1.000000;1.000000;1.000000;1.000000;3;100;;shockwave
176;boss2_tryker_sleeves;iccams.sitem;200;1.000000;1.000000;1000.000000;3.000000;1.250000;1.250000;1.000000;1.000000;1.000000;1.000000;3;100;;shockwave
177;boss3_fyros_gloves;iccalg.sitem;200;1.000000;1.000000;1000.000000;3.000000;1.250000;1.250000;1.000000;1.000000;1.000000;1.000000;1;50;50;Fire
178;boss3_fyros_boots;iccalb.sitem;200;1.000000;1.000000;1000.000000;3.000000;1.250000;1.250000;1.000000;1.000000;1.000000;1.000000;1;50;50;Fire
179;boss3_fyros_pants;iccalp.sitem;200;1.000000;1.000000;1000.000000;3.000000;1.250000;1.250000;1.000000;1.000000;1.000000;1.000000;1;50;50;Fire
180;boss3_fyros_vest;iccalv.sitem;200;1.000000;1.000000;1000.000000;3.000000;1.250000;1.250000;1.000000;1.000000;1.000000;1.000000;1;50;50;Fire
181;boss3_fyros_sleeves;iccals.sitem;200;1.000000;1.000000;1000.000000;3.000000;1.250000;1.250000;1.000000;1.000000;1.000000;1.000000;1;50;50;Fire
182;boss3_matis_gloves;iccalg.sitem;200;1.000000;1.000000;1000.000000;3.000000;1.250000;1.250000;1.000000;1.000000;1.000000;1.000000;2;50;50;Poison
183;boss3_matis_boots;iccalb.sitem;200;1.000000;1.000000;1000.000000;3.000000;1.250000;1.250000;1.000000;1.000000;1.000000;1.000000;2;50;50;Poison
184;boss3_matis_pants;iccalp.sitem;200;1.000000;1.000000;1000.000000;3.000000;1.250000;1.250000;1.000000;1.000000;1.000000;1.000000;2;50;50;Poison
185;boss3_matis_vest;iccalv.sitem;200;1.000000;1.000000;1000.000000;3.000000;1.250000;1.250000;1.000000;1.000000;1.000000;1.000000;2;50;50;Poison
186;boss3_matis_sleeves;iccals.sitem;200;1.000000;1.000000;1000.000000;3.000000;1.250000;1.250000;1.000000;1.000000;1.000000;1.000000;2;50;50;Poison
187;boss3_zorai_gloves;iccalg.sitem;200;1.000000;1.000000;1000.000000;3.000000;1.250000;1.250000;1.000000;1.000000;1.000000;1.000000;5;50;;electricity
188;boss3_zorai_boots;iccalb.sitem;200;1.000000;1.000000;1000.000000;3.000000;1.250000;1.250000;1.000000;1.000000;1.000000;1.000000;5;50;;electricity
189;boss3_zorai_pants;iccalp.sitem;200;1.000000;1.000000;1000.000000;3.000000;1.250000;1.250000;1.000000;1.000000;1.000000;1.000000;5;50;;electricity
190;boss3_zorai_vest;iccalv.sitem;200;1.000000;1.000000;1000.000000;3.000000;1.250000;1.250000;1.000000;1.000000;1.000000;1.000000;5;50;;electricity
191;boss3_zorai_sleeves;iccals.sitem;200;1.000000;1.000000;1000.000000;3.000000;1.250000;1.250000;1.000000;1.000000;1.000000;1.000000;5;50;;electricity
192;boss3_tryker_gloves;iccalg.sitem;200;1.000000;1.000000;1000.000000;3.000000;1.250000;1.250000;1.000000;1.000000;1.000000;1.000000;3;50;;shockwave
193;boss3_tryker_boots;iccalb.sitem;200;1.000000;1.000000;1000.000000;3.000000;1.250000;1.250000;1.000000;1.000000;1.000000;1.000000;3;50;;shockwave
194;boss3_tryker_pants;iccalp.sitem;200;1.000000;1.000000;1000.000000;3.000000;1.250000;1.250000;1.000000;1.000000;1.000000;1.000000;3;50;;shockwave
195;boss3_tryker_vest;iccalv.sitem;200;1.000000;1.000000;1000.000000;3.000000;1.250000;1.250000;1.000000;1.000000;1.000000;1.000000;3;50;;shockwave
196;boss3_tryker_sleeves;iccals.sitem;200;1.000000;1.000000;1000.000000;3.000000;1.250000;1.250000;1.000000;1.000000;1.000000;1.000000;3;50;;shockwave
197;marauder_boss_gloves;iccahg.sitem;200;1.000000;1.000000;1000.000000;3.000000;1.250000;1.250000;1.000000;1.000000;1.000000;1.000000;7;150;50;madness
198;marauder_boss_boots;iccahb.sitem;198;1.000000;1.000000;1000.000000;3.000000;1.250000;1.250000;1.000000;1.000000;1.000000;1.000000;7;150;50;madness
199;marauder_boss_pants;iccahp.sitem;200;1.000000;1.000000;1000.000000;3.000000;1.250000;1.250000;1.000000;1.000000;1.000000;1.000000;7;150;50;madness
200;marauder_boss_vest;iccahv.sitem;200;1.000000;1.000000;1000.000000;3.000000;1.250000;1.250000;1.000000;1.000000;1.000000;1.000000;7;150;50;madness
201;marauder_boss_sleeves;iccahs.sitem;200;1.000000;1.000000;1000.000000;3.000000;1.250000;1.250000;1.000000;1.000000;1.000000;1.000000;7;150;50;madness
202;marauder_boss_helmet;iccahh.sitem;200;1.000000;1.000000;1000.000000;3.000000;1.250000;1.250000;1.000000;1.000000;1.000000;1.000000;7;150;50;madness
203;marauder_fighter_gloves;iccamg.sitem;200;1.000000;1.000000;1000.000000;3.000000;1.250000;1.250000;1.000000;1.000000;1.000000;1.000000;0;100;100;Poison
204;marauder_fighter_boots;iccamb.sitem;200;1.000000;1.000000;1000.000000;3.000000;1.250000;1.250000;1.000000;1.000000;1.000000;1.000000;0;100;100;Poison
205;marauder_fighter_pants;iccamp.sitem;200;1.000000;1.000000;1000.000000;3.000000;1.250000;1.250000;1.000000;1.000000;1.000000;1.000000;0;100;100;Poison
206;marauder_fighter_vest;iccamv.sitem;200;1.000000;1.000000;1000.000000;3.000000;1.250000;1.250000;1.000000;1.000000;1.000000;1.000000;0;100;100;Poison
207;marauder_fighter_sleeves;iccams.sitem;200;1.000000;1.000000;1000.000000;3.000000;1.250000;1.250000;1.000000;1.000000;1.000000;1.000000;0;100;100;Poison
208;marauder_guard_gloves;iccamg.sitem;200;1.000000;1.000000;1000.000000;3.000000;1.250000;1.250000;1.000000;1.000000;1.000000;1.000000;1;100;;electricity
209;marauder_guard_boots;iccamb.sitem;200;1.000000;1.000000;1000.000000;3.000000;1.250000;1.250000;1.000000;1.000000;1.000000;1.000000;1;100;;electricity
210;marauder_guard_pants;iccamp.sitem;200;1.000000;1.000000;1000.000000;3.000000;1.250000;1.250000;1.000000;1.000000;1.000000;1.000000;1;100;;electricity
211;marauder_guard_vest;iccamv.sitem;200;1.000000;1.000000;1000.000000;3.000000;1.250000;1.250000;1.000000;1.000000;1.000000;1.000000;1;100;;electricity
212;marauder_guard_sleeves;iccams.sitem;200;1.000000;1.000000;1000.000000;3.000000;1.250000;1.250000;1.000000;1.000000;1.000000;1.000000;1;100;;electricity
213;marauder_praetorian_gloves;iccamg.sitem;200;1.000000;1.000000;1000.000000;3.000000;1.250000;1.250000;1.000000;1.000000;1.000000;1.000000;0;100;;shockwave
214;marauder_praetorian_boots;iccamb.sitem;200;1.000000;1.000000;1000.000000;3.000000;1.250000;1.250000;1.000000;1.000000;1.000000;1.000000;0;100;;shockwave
215;marauder_praetorian_pants;iccamp.sitem;200;1.000000;1.000000;1000.000000;3.000000;1.250000;1.250000;1.000000;1.000000;1.000000;1.000000;0;100;;shockwave
216;marauder_praetorian_vest;iccamv.sitem;200;1.000000;1.000000;1000.000000;3.000000;1.250000;1.250000;1.000000;1.000000;1.000000;1.000000;0;100;;shockwave
217;marauder_praetorian_sleeves;iccams.sitem;200;1.000000;1.000000;1000.000000;3.000000;1.250000;1.250000;1.000000;1.000000;1.000000;1.000000;0;100;;shockwave
218;shield_ep2_karavan50_1;ickarss_ep2_1.sitem;50;1.500000;1.000000;;1.000000;1.000000;1.000000;1.000000;1.000000;1.000000;1.000000;;;40;
219;shield_ep2_karavan50_2;ickarss_ep2_1.sitem;50;1.500000;1.000000;;1.000000;1.000000;1.000000;1.000000;1.000000;1.000000;1.000000;;25;25;
220;shield_ep2_karavan100_1;ickarss_ep2_1.sitem;100;1.500000;1.000000;;1.000000;1.000000;1.000000;1.000000;1.000000;1.000000;1.000000;;;60;
221;shield_ep2_karavan100_2;ickarss_ep2_1.sitem;100;1.500000;1.000000;;1.000000;1.000000;1.000000;1.000000;1.000000;1.000000;1.000000;;35;40;
222;shield_ep2_karavan150_1;ickarss_ep2_1.sitem;150;1.500000;1.000000;;1.000000;1.000000;1.000000;1.000000;1.000000;1.000000;1.000000;;;95;
223;shield_ep2_karavan150_2;ickarss_ep2_1.sitem;150;1.500000;1.000000;;1.000000;1.000000;1.000000;1.000000;1.000000;1.000000;1.000000;;55;65;
224;shield_ep2_karavan200_1;ickarss_ep2_2.sitem;200;1.500000;1.000000;;1.000000;1.000000;1.200000;1.200000;1.200000;1.200000;1.200000;;;150;
225;shield_ep2_karavan200_2;ickarss_ep2_2.sitem;200;1.500000;1.000000;;1.000000;1.000000;1.200000;1.200000;1.200000;1.200000;1.200000;;80;105;
226;shield_ep2_karavan250_1;ickarss_ep2_3.sitem;250;1.500000;1.000000;;1.000000;1.000000;1.200000;1.400000;1.400000;1.400000;1.400000;;;220;
227;shield_ep2_karavan250_2;ickarss_ep2_3.sitem;250;1.500000;1.000000;;1.000000;1.000000;1.200000;1.400000;1.400000;1.400000;1.400000;;115;150;
228;shield_ep2_kami50_1;ickamss_ep2_1.sitem;50;1.500000;1.000000;;1.000000;1.000000;1.000000;1.000000;1.000000;1.000000;1.000000;;;40;
229;shield_ep2_kami50_2;ickamss_ep2_1.sitem;50;1.500000;1.000000;;1.000000;1.000000;1.000000;1.000000;1.000000;1.000000;1.000000;;25;25;
230;shield_ep2_kami100_1;ickamss_ep2_1.sitem;100;1.500000;1.000000;;1.000000;1.000000;1.000000;1.000000;1.000000;1.000000;1.000000;;;60;
231;shield_ep2_kami100_2;ickamss_ep2_1.sitem;100;1.500000;1.000000;;1.000000;1.000000;1.000000;1.000000;1.000000;1.000000;1.000000;;35;40;
232;shield_ep2_kami150_1;ickamss_ep2_1.sitem;150;1.500000;1.000000;;1.000000;1.000000;1.000000;1.000000;1.000000;1.000000;1.000000;;;95;
233;shield_ep2_kami150_2;ickamss_ep2_1.sitem;150;1.500000;1.000000;;1.000000;1.000000;1.000000;1.000000;1.000000;1.000000;1.000000;;55;65;
234;shield_ep2_kami200_1;ickamss_ep2_2.sitem;200;1.500000;1.000000;;1.000000;1.000000;1.200000;1.200000;1.200000;1.200000;1.200000;;;150;
235;shield_ep2_kami200_2;ickamss_ep2_2.sitem;200;1.500000;1.000000;;1.000000;1.000000;1.200000;1.200000;1.200000;1.200000;1.200000;;80;105;
236;shield_ep2_kami250_1;ickamss_ep2_3.sitem;250;1.500000;1.000000;;1.000000;1.000000;1.200000;1.400000;1.400000;1.400000;1.400000;;;220;
237;shield_ep2_kami250_2;ickamss_ep2_3.sitem;250;1.500000;1.000000;;1.000000;1.000000;1.200000;1.400000;1.400000;1.400000;1.400000;;115;150;
238;magic_dress_ep2_karavan50_1;ikaracp_ep2_1.sitem;50;1.500000;1.000000;;1.000000;1.000000;1.000000;1.000000;1.000000;1.000000;1.000000;;;;
239;magic_dress_ep2_karavan50_2;ikaracp_ep2_1.sitem;50;1.500000;1.000000;;1.000000;1.000000;1.000000;1.000000;1.000000;1.000000;1.000000;;25;;
240;magic_dress_ep2_karavan100_1;ikaracp_ep2_1.sitem;100;1.500000;1.000000;;1.000000;1.000000;1.000000;1.000000;1.000000;1.000000;1.000000;;;;
241;magic_dress_ep2_karavan100_2;ikaracp_ep2_1.sitem;100;1.500000;1.000000;;1.000000;1.000000;1.000000;1.000000;1.000000;1.000000;1.000000;;35;;
242;magic_dress_ep2_karavan150_1;ikaracp_ep2_1.sitem;150;1.500000;1.000000;;1.000000;1.000000;1.000000;1.000000;1.000000;1.000000;1.000000;;;;
243;magic_dress_ep2_karavan150_2;ikaracp_ep2_1.sitem;150;1.500000;1.000000;;1.000000;1.000000;1.000000;1.000000;1.000000;1.000000;1.000000;;55;;
244;magic_dress_ep2_karavan200_1;ikaracp_ep2_2.sitem;200;1.500000;1.000000;;1.000000;1.000000;1.200000;1.200000;1.200000;1.200000;1.200000;;;;
245;magic_dress_ep2_karavan200_2;ikaracp_ep2_2.sitem;200;1.500000;1.000000;;1.000000;1.000000;1.200000;1.200000;1.200000;1.200000;1.200000;;80;;
246;magic_dress_ep2_karavan250_1;ikaracp_ep2_3.sitem;250;1.500000;1.000000;;1.000000;1.000000;1.200000;1.400000;1.400000;1.400000;1.400000;;;;
247;magic_dress_ep2_karavan250_2;ikaracp_ep2_3.sitem;250;1.500000;1.000000;;1.000000;1.000000;1.200000;1.400000;1.400000;1.400000;1.400000;;115;;
248;magic_dress_ep2_kami50_1;ikamacp_ep2_1.sitem;50;1.500000;1.000000;;1.000000;1.000000;1.000000;1.000000;1.000000;1.000000;1.000000;;;;
249;magic_dress_ep2_kami50_2;ikamacp_ep2_1.sitem;50;1.500000;1.000000;;1.000000;1.000000;1.000000;1.000000;1.000000;1.000000;1.000000;;25;;
250;magic_dress_ep2_kami100_1;ikamacp_ep2_1.sitem;100;1.500000;1.000000;;1.000000;1.000000;1.000000;1.000000;1.000000;1.000000;1.000000;;;;
251;magic_dress_ep2_kami100_2;ikamacp_ep2_1.sitem;100;1.500000;1.000000;;1.000000;1.000000;1.000000;1.000000;1.000000;1.000000;1.000000;;35;;
252;magic_dress_ep2_kami150_1;ikamacp_ep2_1.sitem;150;1.500000;1.000000;;1.000000;1.000000;1.000000;1.000000;1.000000;1.000000;1.000000;;;;
253;magic_dress_ep2_kami150_2;ikamacp_ep2_1.sitem;150;1.500000;1.000000;;1.000000;1.000000;1.000000;1.000000;1.000000;1.000000;1.000000;;55;;
254;magic_dress_ep2_kami200_1;ikamacp_ep2_2.sitem;200;1.500000;1.000000;;1.000000;1.000000;1.200000;1.200000;1.200000;1.200000;1.200000;;;;
255;magic_dress_ep2_kami200_2;ikamacp_ep2_2.sitem;200;1.500000;1.000000;;1.000000;1.000000;1.200000;1.200000;1.200000;1.200000;1.200000;;80;;
256;magic_dress_ep2_kami250_1;ikamacp_ep2_3.sitem;250;1.500000;1.000000;;1.000000;1.000000;1.200000;1.400000;1.400000;1.400000;1.400000;;;;
257;magic_dress_ep2_kami250_2;ikamacp_ep2_3.sitem;250;1.500000;1.000000;;1.000000;1.000000;1.200000;1.400000;1.400000;1.400000;1.400000;;115;;
258;foragetool_kami_ep2_50_1;itforagekam_ep2_1.sitem;50;1.000000;1.000000;;;;;;;;;;;;
259;foragetool_kami_ep2_50_2;itforagekam_ep2_1.sitem;50;1.000000;1.000000;;;;;;;;;;25;;
260;foragetool_kami_ep2_100_1;itforagekam_ep2_1.sitem;100;1.000000;1.000000;;;;;;;;;;;;
261;foragetool_kami_ep2_100_2;itforagekam_ep2_1.sitem;100;1.000000;1.000000;;;;;;;;;;35;;
262;foragetool_kami_ep2_150_1;itforagekam_ep2_1.sitem;150;1.000000;1.000000;;;;;;;;;;;;
263;foragetool_kami_ep2_150_2;itforagekam_ep2_1.sitem;150;1.000000;1.000000;;;;;;;;;;55;;
264;foragetool_kami_ep2_200_1;itforagekam_ep2_2.sitem;200;1.000000;1.000000;;;;;;;;;;;;
265;foragetool_kami_ep2_200_2;itforagekam_ep2_2.sitem;200;1.000000;1.000000;;;;;;;;;;80;;
266;foragetool_kami_ep2_250_1;itforagekam_ep2_3.sitem;250;1.000000;1.000000;;;;;;;;;;;;
267;foragetool_kami_ep2_250_2;itforagekam_ep2_3.sitem;250;1.000000;1.000000;;;;;;;;;;115;;
268;foragetool_karavan_ep2_50_1;itforagekar_ep2_1.sitem;50;1.000000;1.000000;;;;;;;;;;;;
269;foragetool_karavan_ep2_50_2;itforagekar_ep2_1.sitem;50;1.000000;1.000000;;;;;;;;;;25;;
270;foragetool_karavan_ep2_100_1;itforagekar_ep2_1.sitem;100;1.000000;1.000000;;;;;;;;;;;;
271;foragetool_karavan_ep2_100_2;itforagekar_ep2_1.sitem;100;1.000000;1.000000;;;;;;;;;;35;;
272;foragetool_karavan_ep2_150_1;itforagekar_ep2_1.sitem;150;1.000000;1.000000;;;;;;;;;;;;
273;foragetool_karavan_ep2_150_2;itforagekar_ep2_1.sitem;150;1.000000;1.000000;;;;;;;;;;55;;
274;foragetool_karavan_ep2_200_1;itforagekar_ep2_2.sitem;200;1.000000;1.000000;;;;;;;;;;;;
275;foragetool_karavan_ep2_200_2;itforagekar_ep2_2.sitem;200;1.000000;1.000000;;;;;;;;;;80;;
276;foragetool_karavan_ep2_250_1;itforagekar_ep2_3.sitem;250;1.000000;1.000000;;;;;;;;;;;;
277;foragetool_karavan_ep2_250_2;itforagekar_ep2_3.sitem;250;1.000000;1.000000;;;;;;;;;;115;;
278;zo_lead01_vest;iczacv_leader01.sitem;250;;;;;;;;;;;5;;;
279;zo_lead01_sleeves;iczacs_leader01.sitem;250;;;;;;;;;;;5;;;
280;zo_lead01_pants;iczacp_leader01.sitem;250;;;;;;;;;;;5;;;
281;zo_lead01_boots;iczacb_leader01.sitem;250;;;;;;;;;;;5;;;
282;tr_lead01_vest;ictamv_leader01.sitem;250;;;;;;;;;;;4;;;
283;tr_lead01_sleeves;ictams_leader01.sitem;250;;;;;;;;;;;4;;;
284;tr_lead01_pants;ictamp_leader01.sitem;250;;;;;;;;;;;4;;;
285;tr_lead01_boots;ictamb_leader01.sitem;250;;;;;;;;;;;4;;;
286;ma_lead01_vest;icmahv_leader01.sitem;250;;;;;;;;;;;2;;;
287;ma_lead01_sleeves;icmahs_leader01.sitem;250;;;;;;;;;;;2;;;
288;ma_lead01_pants;icmahp_leader01.sitem;250;;;;;;;;;;;2;;;
289;ma_lead01_boots;icmahb_leader01.sitem;250;;;;;;;;;;;2;;;
290;fy_lead01_vest;icfahv_leader01.sitem;250;;;;;;;;;;;0;;;
291;fy_lead01_sleeves;icfahs_leader01.sitem;250;;;;;;;;;;;0;;;
292;fy_lead01_pants;icfahp_leader01.sitem;250;;;;;;;;;;;0;;;
293;fy_lead01_boots;icfahb_leader01.sitem;250;;;;;;;;;;;0;;;
294;fy_lead01_weapon;fy_weapon_leader_dexton.sitem;250;;;;;;;;;;;;;;
295;ma_lead01_weapon;ma_weapon_leader_yrkanis.sitem;250;;;;;;;;;;;;;;
296;tr_lead01_weapon;tr_weapon_leader_still_wyler.sitem;250;;;;;;;;;;;;;;
297;zo_lead01_weapon;zo_weapon_leader_mabreka.sitem;250;;;;;;;;;;;;;;
298;hunter_and_prey_f;icfm1sa.sitem;12;1.000000;0.500000;0.100000;0.350000;;;;;;;;15;;
299;hunter_and_prey_m;icmm1sa.sitem;12;1.000000;0.500000;0.100000;0.350000;;;;;;;;15;;
300;hunter_and_prey_t;ictm1sa.sitem;12;1.000000;0.500000;0.100000;0.350000;;;;;;;;15;;
301;hunter_and_prey_z;iczm1sa.sitem;12;1.000000;0.500000;0.100000;0.350000;;;;;;;;15;;
302;burning_spear_sleeves_f;icfams.sitem;16;1.000000;0.500000;;0.350000;0.5000000;0.5000000;0.500000;0.600000;0.350000;0.350000;;10;3;
303;burning_spear_sleeves_m;icmams.sitem;16;1.000000;0.500000;;0.350000;0.5000000;0.5000000;0.500000;0.600000;0.350000;0.350000;;10;3;
304;burning_spear_sleeves_t;ictams.sitem;16;1.000000;0.500000;;0.350000;0.5000000;0.5000000;0.500000;0.600000;0.350000;0.350000;;10;3;
305;burning_spear_sleeves_z;iczams.sitem;16;1.000000;0.500000;;0.350000;0.5000000;0.5000000;0.500000;0.600000;0.350000;0.350000;;10;3;
306;burning_spear_armor_f;icfamv.sitem;16;1.000000;0.250000;;0.350000;0.5000000;0.5000000;0.600000;0.750000;0.600000;0.550000;;15;15;
307;burning_spear_armor_m;icmamv.sitem;16;1.000000;0.250000;;0.350000;0.5000000;0.5000000;0.600000;0.750000;0.600000;0.550000;;15;15;
308;burning_spear_armor_t;ictamv.sitem;16;1.000000;0.250000;;0.350000;0.5000000;0.5000000;0.600000;0.750000;0.600000;0.550000;;15;15;
309;burning_spear_armor_z;iczamv.sitem;16;1.000000;0.250000;;0.350000;0.5000000;0.5000000;0.600000;0.750000;0.600000;0.550000;;15;15;
310;the_burning_spear_f;icbm1ps.sitem;19;0.850000;0.500000;0.400000;0.350000;1.000000;2.000000;;;;;;;15;
311;the_burning_spear_m;icbm1ps.sitem;19;0.850000;0.500000;0.400000;0.350000;1.000000;2.000000;;;;;;;15;
312;the_burning_spear_t;icbm1ps.sitem;19;0.850000;0.500000;0.400000;0.350000;1.000000;2.000000;;;;;;;15;
313;the_burning_spear_z;icbm1ps.sitem;19;0.850000;0.500000;0.400000;0.350000;1.000000;2.000000;;;;;;;15;
314;frosttouch_f;icfm2ms.sitem;12;1.000000;1.000000;;0.350000;;;;;;;;;;
315;frosttouch_m;icmm2ms.sitem;12;1.000000;1.000000;;0.350000;;;;;;;;;;
316;frosttouch_t;ictm2ms.sitem;12;1.000000;1.000000;;0.350000;;;;;;;;;;
317;frosttouch_z;iczm2ms.sitem;12;1.000000;1.000000;;0.350000;;;;;;;;;;
318;mystic_vest_f;icfalv.sitem;18;1.000000;0.500000;;0.350000;0.000000;0.500000;0.350000;0.850000;0.650000;0.650000;;;;
319;mystic_vest_m;icmalv.sitem;18;1.000000;0.500000;;0.350000;0.000000;0.500000;0.350000;0.850000;0.650000;0.650000;;;;
320;mystic_vest_t;ictalv.sitem;18;1.000000;0.500000;;0.350000;0.000000;0.500000;0.350000;0.850000;0.650000;0.650000;;;;
321;mystic_vest_z;iczalv.sitem;18;1.000000;0.500000;;0.350000;0.000000;0.500000;0.350000;0.850000;0.650000;0.650000;;;;
322;ring_liquid_flame_f;icfjr_2.sitem;12;1.000000;1.000000;;0.350000;;;;;;;;1.000000;;
323;ring_liquid_flame_m;icmjr_2.sitem;12;1.000000;1.000000;;0.350000;;;;;;;;1.000000;;
324;ring_liquid_flame_t;ictjr_2.sitem;12;1.000000;1.000000;;0.350000;;;;;;;;1.000000;;
325;ring_liquid_flame_z;iczjr_2.sitem;12;1.000000;1.000000;;0.350000;;;;;;;;1.000000;;
326;ring_searing_flame_f;ictjr_2.sitem;18;1.000000;1.000000;;0.350000;;;;;;;;1.000000;;
327;ring_searing_flame_m;ictjr_2.sitem;18;1.000000;1.000000;;0.350000;;;;;;;;1.000000;;
328;ring_searing_flame_t;ictjr_2.sitem;18;1.000000;1.000000;;0.350000;;;;;;;;1.000000;;
329;ring_searing_flame_z;ictjr_2.sitem;18;1.000000;1.000000;;0.350000;;;;;;;;1.000000;;
330;duelist_bleeches_f;icfalp.sitem;18;1.000000;0.500000;;0.350000;3.000000;2.000000;0.250000;0.250000;0.250000;0.250000;;20;;
331;duelist_bleeches_m;icmalp.sitem;18;1.000000;0.500000;;0.350000;3.000000;2.000000;0.250000;0.250000;0.250000;0.250000;;20;;
332;duelist_bleeches_t;ictalp.sitem;18;1.000000;0.500000;;0.350000;3.000000;2.000000;0.250000;0.250000;0.250000;0.250000;;20;;
333;duelist_bleeches_z;iczalp.sitem;18;1.000000;0.500000;;0.350000;3.000000;2.000000;0.250000;0.250000;0.250000;0.250000;;20;;
334;duelist_blade_f;icmm1ss.sitem;20;0.700000;1.000000;0.100000;0.350000;1.000000;1.000000;;;;;;;;
335;duelist_blade_m;icmm1ss.sitem;20;0.700000;1.000000;0.100000;0.350000;1.000000;1.000000;;;;;;;;
336;duelist_blade_t;icmm1ss.sitem;20;0.700000;1.000000;0.100000;0.350000;1.000000;1.000000;;;;;;;;
337;duelist_blade_z;icmm1ss.sitem;20;0.700000;1.000000;0.100000;0.350000;1.000000;1.000000;;;;;;;;
338;pathfinder_f;icfalb.sitem;12;0.600000;1.000000;;0.350000;2.000000;2.000000;0.400000;0.350000;0.350000;0.350000;;;;
339;pathfinder_m;icmalb.sitem;12;0.600000;1.000000;;0.350000;2.000000;2.000000;0.400000;0.350000;0.350000;0.350000;;;;
340;pathfinder_t;ictalb.sitem;12;0.600000;1.000000;;0.350000;2.000000;2.000000;0.400000;0.350000;0.350000;0.350000;;;;
341;pathfinder_z;iczalb.sitem;12;0.600000;1.000000;;0.350000;2.000000;2.000000;0.400000;0.350000;0.350000;0.350000;;;;
342;gloves_of_explorer_f;icfalg.sitem;20;0.700000;1.000000;;0.350000;2.000000;2.000000;0.500000;0.500000;0.500000;0.500000;;;20;
343;gloves_of_explorer_m;icmalg.sitem;20;0.700000;1.000000;;0.350000;2.000000;2.000000;0.500000;0.500000;0.500000;0.500000;;;20;
344;gloves_of_explorer_t;ictalg.sitem;20;0.700000;1.000000;;0.350000;2.000000;2.000000;0.500000;0.500000;0.500000;0.500000;;;20;
345;gloves_of_explorer_z;iczalg.sitem;20;0.700000;1.000000;;0.350000;2.000000;2.000000;0.500000;0.500000;0.500000;0.500000;;;20;
346;tryker_jerkin_f;icfamv_2.sitem;30;1.000000;0.300000;;0.350000;0.500000;1.000000;0.750000;0.850000;0.650000;0.650000;;;;
347;tryker_jerkin_m;icmamv_2.sitem;30;1.000000;0.300000;;0.350000;0.500000;1.000000;0.750000;0.850000;0.650000;0.650000;;;;
;;;;;;;;;;;;;;;;;
349;tryker_jerkin_t;ictamv_2.sitem;30;1.000000;0.300000;;0.350000;0.500000;1.000000;0.750000;0.850000;0.650000;0.650000;;;;
350;tryker_jerkin_z;iczamv_2.sitem;30;1.000000;0.300000;;0.350000;0.500000;1.000000;0.750000;0.850000;0.650000;0.650000;;;;
351;not_in_anger_f;icfm2ssb.sitem;45;1.000000;0.500000;0.300000;0.350000;0.500000;0.750000;;;;;;;;
352;not_in_anger_m;icfm2ssb.sitem;45;1.000000;0.500000;0.300000;0.350000;0.500000;0.750000;;;;;;;;
353;not_in_anger_t;icfm2ssb.sitem;45;1.000000;0.500000;0.300000;0.350000;0.500000;0.750000;;;;;;;;
354;not_in_anger_z;icfm2ssb.sitem;45;1.000000;0.500000;0.300000;0.350000;0.500000;0.750000;;;;;;;;
355;ranger_vest_noob;icmamv_2.sitem;45;0.750000;0.300000;;0.350000;0.500000;0.500000;0.650000;0.620000;0.620000;0.620000;2;15;15;
356;ranger_sleeves_noob;icmams_2.sitem;45;0.750000;0.300000;;0.350000;0.500000;0.500000;0.650000;0.620000;0.620000;0.620000;2;15;20;
357;ranger_pants_noob;ictamp_2.sitem;45;0.750000;0.300000;;0.350000;0.500000;0.500000;0.650000;0.620000;0.620000;0.620000;2;10;10;
358;ranger_boots_noob;icfamb_2.sitem;45;0.750000;0.300000;;0.350000;0.500000;0.500000;0.650000;0.620000;0.620000;0.620000;2;5;15;
359;ranger_gloves_noob;ictamg_2.sitem;45;0.750000;0.300000;;0.350000;0.500000;0.500000;0.650000;0.620000;0.620000;0.620000;6;5;5;
360;reward_matis_noob04;icmalp.sitem;15;0.750000;0.300000;;0.350000;0.500000;0.500000;0.650000;0.620000;0.620000;0.620000;2;;;
361;reward_matis_noob06;icmalv.sitem;20;0.750000;0.300000;;0.350000;0.500000;0.500000;0.650000;0.620000;0.620000;0.620000;2;10;;
362;reward_matis_noob07;icmalb.sitem;25;0.750000;0.300000;;0.350000;0.500000;0.500000;0.650000;0.620000;0.620000;0.620000;2;;;
363;reward_matis_noob08;icmalg.sitem;30;0.750000;0.300000;;0.350000;0.500000;0.500000;0.650000;0.620000;0.620000;0.620000;2;;;
364;hunter_and_prey;icfm1sa.sitem;15;1.000000;0.500000;0.100000;0.350000;;;;;;;;18;10;
365;duelist_blade;icfm1ss.sitem;20;0.700000;1.000000;0.100000;0.350000;1.000000;1.000000;;;;;;;25;
366;reward_fyros_noob06;icfss.sitem;30;0.750000;0.300000;;0.350000;0.500000;0.500000;0.600000;0.600000;0.600000;0.600000;;20;;
367;not_in_anger;icfm2ssb.sitem;45;1.000000;0.500000;0.300000;0.350000;0.500000;0.750000;;;;;;;20;
368;reward_tryker_noob04;ictalp.sitem;15;0.750000;0.300000;;0.350000;0.500000;0.500000;0.650000;0.620000;0.620000;0.620000;3;;;
369;reward_tryker_noob06;ictalv.sitem;18;0.750000;0.300000;;0.350000;0.500000;0.500000;0.650000;0.620000;0.620000;0.620000;3;;;
370;reward_tryker_noob07;ictalb.sitem;20;0.750000;0.300000;;0.350000;0.500000;0.500000;0.650000;0.620000;0.620000;0.620000;3;;;
371;reward_tryker_noob08;ictalg.sitem;30;0.750000;0.300000;;0.350000;0.500000;0.500000;0.650000;0.600000;0.600000;0.600000;3;;;
372;frosttouch1;iczm2ms.sitem;15;1.000000;1.000000;;0.350000;;;;;;;;;;
373;frosttouch2;iczm2ms.sitem;30;1.000000;1.000000;;0.350000;;;;;;;;;;
374;frosttouch3;iczm2ms.sitem;40;1.200000;1.000000;;0.350000;;;;;;;;;;
375;reward_zorai_noob05;iczacp_2.sitem;25;0.750000;0.300000;;0.350000;0.500000;0.500000;0.550000;0.600000;0.600000;0.600000;5;;;
376;reward_zorai_noob06;iczalv_2.sitem;25;0.750000;0.300000;;0.350000;0.500000;0.500000;0.550000;0.600000;0.600000;0.600000;5;;;
377;reward_tryker_noob09;ictjr_2.sitem;25;1.000000;1.000000;;0.350000;;;;;;;;;;
378;xpcatalyseur_de_la_kitiniere;ixpca01.sitem;200;1.000000;1.000000;;0.350000;;;;;;;;;;
379;epee_detruire_garde_manger;icfm2ss_2.sitem;200;0.600000;1.000000;0.500000;0.350000;1.000000;1.000000;;;;;6;;65;
380;kitiniere_vest;icmahv_3.sitem;250;1.20000;0.300000;;0.350000;0.500000;0.500000;0.7000000;0.600000;0.600000;0.600000;6;0;110;
381;kitiniere_pants;icmahp_3.sitem;250;1.20000;0.300000;;0.350000;0.500000;0.500000;0.7000000;0.600000;0.600000;0.600000;6;0;110;
382;kitiniere_boots;icmahb_3.sitem;250;1.200000;0.300000;;0.350000;0.500000;0.500000;0.7000000;0.600000;0.600000;0.600000;6;110;0;
383;kitiniere_gloves;icmahg_3.sitem;250;1.200000;0.300000;;0.350000;0.500000;0.500000;0.7000000;0.600000;0.600000;0.600000;6;0;110;
384;kitiniere_sleeves;icmahs_3.sitem;250;1.200000;0.300000;;0.350000;0.500000;0.500000;0.7000000;0.600000;0.600000;0.600000;6;0;110;
;;;;;;;;;;;;;;;;;
386;xpcatalyseur_de_la_kitiniere_magies_minieres;ixpca01.sitem;200;1.000000;1.000000;;0.350000;;;;;;;;;;
387;Hache_hyper_solide_en_carapace_de_kitin;icfm2sa_3.sitem;250;0.300000;1.000000;0.50000;0.350000;1.000000;1.000000;;;;;;;110;
388;forcio_pani_vest;icmalv_2.sitem;250;1.00000;0.300000;;0.350000;0.500000;0.500000;0.7000000;0.600000;0.600000;0.600000;7;70;0;
389;forcio_pani_pants;ictalp_2.sitem;250;1.00000;0.300000;;0.350000;0.500000;0.500000;0.8000000;0.600000;0.600000;0.600000;7;70;0;
390;forcio_pani_boots;icfalb_2.sitem;250;1.00000;0.300000;;0.350000;0.500000;0.500000;0.8000000;0.600000;0.600000;0.600000;7;70;0;
391;forcio_pani_gloves;ictalg_2.sitem;250;1.00000;0.300000;;0.350000;0.500000;0.500000;0.8000000;0.600000;0.600000;0.600000;7;70;0;
392;forcio_pani_sleeves;icmals_2.sitem;250;1.00000;0.300000;;0.350000;0.500000;0.500000;0.8000000;0.600000;0.600000;0.600000;7;70;0;
;;;;;;;;;;;;;;;;;
394;kill_the_queen_L_vest;iccalv.sitem;250;0.300000;0.100000;;0.350000;0.400000;0.500000;-0.9500000000;-0.300000;-0.300000;-0.300000;7;125;0;
;;;;;;;;;;;;;;;;;
396;kill_the_queen_L_pants;iccalp.sitem;250;0.100000;0.300000;;0.350000;0.500000;0.500000;-0.9500000000;-0.300000;-0.300000;-0.300000;7;125;0;
397;kill_the_queen_L_boots;iccalb.sitem;250;0.100000;0.300000;;0.350000;0.500000;0.500000;-0.9500000000;-0.300000;-0.300000;-0.300000;7;125;0;
398;kill_the_queen_L_gloves;iccalg.sitem;250;-0.4500000;0.300000;;0.350000;0.500000;0.500000;-0.9500000000;-0.300000;-0.300000;-0.300000;7;125;0;
399;kill_the_queen_L_sleeves;iccals.sitem;250;0.300000;0.300000;;0.350000;0.500000;0.500000;-1.00000000;-0.300000;-0.300000;-0.300000;7;125;0;
400;kill_the_queen_H_vest;iccahv.sitem;250;1.500000;0.300000;;0.250000;0.500000;0.500000;0.700000;0.600000;0.600000;0.600000;7;110;0;
401;kill_the_queen_H_pants;iccahp.sitem;250;1.400000;0.300000;;0.350000;0.500000;0.500000;0.500000;0.500000;0.500000;0.500000;7;110;0;
402;kill_the_queen_H_boots;iccahb.sitem;250;1.200000;0.300000;;0.350000;0.500000;0.500000;0.700000;0.600000;0.600000;0.600000;7;110;0;
403;kill_the_queen_H_gloves;iccahg.sitem;250;1.20000;0.300000;;0.350000;0.500000;0.500000;0.7000000;0.600000;0.600000;0.600000;7;110;0;
404;kill_the_queen_H_sleeves;iccahs.sitem;250;1.20000;0.300000;;0.350000;0.500000;0.500000;0.7000000;0.600000;0.600000;0.600000;7;110;0;
405;kill_the_queen_H_helmet;iccahh.sitem;250;1.200000;0.300000;;0.350000;0.500000;0.500000;0.7000000;0.600000;0.600000;0.600000;7;110;0;fear
406;collier_encore_plus_resistante;icmjp.sitem;250;1.0000000;0.500000;;0.500000;0.500000;0.500000;1.000000;0.620000;0.620000;0.620000;7;15;20;
407;amplificateur_magique_echantillon_kitiniere;iczm2ms_3.sitem;250;1.100000;1.000000;0.7000000;1.0000;;;;;;;;;;
408;encore_plus_solide_vest;icmalv_2.sitem;250;1.10000;0.300000;;0.350000;0.500000;0.500000;0.8000000;0.600000;0.600000;0.600000;6;75;75;
409;encore_plus_solide_pants;ictalp_2.sitem;250;1.100000;0.300000;;0.350000;0.500000;0.500000;0.8000000;0.600000;0.600000;0.600000;6;75;75;
410;encore_plus_solide_boots;icfalb_2.sitem;250;1.100000;0.300000;;0.350000;0.500000;0.500000;0.8000000;0.600000;0.600000;0.600000;6;75;75;
411;encore_plus_solide_gloves;ictalg_2.sitem;250;1.100000;0.300000;;0.350000;0.500000;0.500000;0.8000000;0.600000;0.600000;0.600000;6;75;75;
412;encore_plus_solide_sleeves;icmals_2.sitem;250;1.100000;0.300000;;0.350000;0.500000;0.500000;0.8000000;0.600000;0.600000;0.600000;6;75;75;
413;epee_pourfendeuse_des_princes_kitins;icbm2ss_2.sitem;250;0.600000;1.3000000;0.100000;0.350000;0.5000000;0.4000000;;;;;;;120;
414;shield_kitiniere_kinkoo_dead;icbss.sitem;220;1.000000;1.000000;;1.000000;1.000000;1.00000;1.4000000;0.800000;0.800000;0.800000;;120;0;
415;foragetool_destroy_eggs_250;icokamtforage_2.sitem;250;1.000000;1.000000;;;;;;;;;;;;
416;encore_plus_res_vest;iccalv.sitem;250;0.200000;0.300000;;0.350000;0.500000;0.500000;-1.000000;-0.300000;-0.300000;-0.300000;6;75;0;
417;encore_plus_res_toge;iccacp.sitem;250;1.100000;0.300000;;0.350000;0.500000;0.500000;0.8000000;0.600000;0.600000;0.600000;6;75;0;
418;encore_plus_res_boots;iccalb.sitem;250;0.200000;0.300000;;0.350000;0.500000;0.500000;-1.000000;-0.300000;-0.300000;-0.300000;6;75;0;
419;encore_plus_res_gloves;iccalg.sitem;250;0.200000;0.300000;;0.350000;0.500000;0.500000;-1.000000;-0.300000;-0.300000;-0.300000;6;75;0;
420;encore_plus_res_sleeves;iccals.sitem;250;0.200000;0.300000;;0.350000;0.500000;0.500000;-1.000000;-0.300000;-0.300000;-0.300000;6;75;0;
421;dague_troupeau;iczm1pd_3.sitem;250;0.800000;1.3000000;0.100000;0.350000;0.5000000;0.4000000;;;;;;0;75;
;;;;;;;;;;;;;;;;;
;;;;;;;;;;;;;;;;;
;;;;;;;;;;;;;;;;;
;;;;;;;;;;;;;;;;;
;;;;;;;;;;;;;;;;;
;;;;;;;;;;;;;;;;;
;;;;;;;;;;;;;;;;;
;;;;;;;;;;;;;;;;;
;;;;;;;;;;;;;;;;;
;;;;;;;;;;;;;;;;;
;;;;;;;;;;;;;;;;;
;;;;;;;;;;;;;;;;;
;;;;;;;;;;;;;;;;;
;;;;;;;;;;;;;;;;;
;;;;;;;;;;;;;;;;;
;;;;;;;;;;;;;;;;;
;;;;;;;;;;;;;;;;;
;;;;;;;;;;;;;;;;;
;;;;;;;;;;;;;;;;;
;;;;;;;;;;;;;;;;;
;;;;;;;;;;;;;;;;;
;;;;;;;;;;;;;;;;;
;;;;;;;;;;;;;;;;;
;;;;;;;;;;;;;;;;;
;;;;;;;;;;;;;;;;;
;;;;;;;;;;;;;;;;;
;;;;;;;;;;;;;;;;;
;;;;;;;;;;;;;;;;;
;;;;;;;;;;;;;;;;;
;;;;;;;;;;;;;;;;;
;;;;;;;;;;;;;;;;;
;;;;;;;;;;;;;;;;;
;;;;;;;;;;;;;;;;;
;;;;;;;;;;;;;;;;;
;;;;;;;;;;;;;;;;;
;;;;;;;;;;;;;;;;;
;;;;;;;;;;;;;;;;;
;;;;;;;;;;;;;;;;;
;;;;;;;;;;;;;;;;;
;;;;;;;;;;;;;;;;;
;;;;;;;;;;;;;;;;;
;;;;;;;;;;;;;;;;;
;;;;;;;;;;;;;;;;;
;;;;;;;;;;;;;;;;;
;;;;;;;;;;;;;;;;;
;;;;;;;;;;;;;;;;;
;;;;;;;;;;;;;;;;;
;;;;;;;;;;;;;;;;;
;;;;;;;;;;;;;;;;;
;;;;;;;;;;;;;;;;;
;;;;;;;;;;;;;;;;;
;;;;;;;;;;;;;;;;;
;;;;;;;;;;;;;;;;;
;;;;;;;;;;;;;;;;;
;;;;;;;;;;;;;;;;;
;;;;;;;;;;;;;;;;;
;;;;;;;;;;;;;;;;;
;;;;;;;;;;;;;;;;;
;;;;;;;;;;;;;;;;;
;;;;;;;;;;;;;;;;;
;;;;;;;;;;;;;;;;;
;;;;;;;;;;;;;;;;;
;;;;;;;;;;;;;;;;;
;;;;;;;;;;;;;;;;;
;;;;;;;;;;;;;;;;;
;;;;;;;;;;;;;;;;;
;;;;;;;;;;;;;;;;;
;;;;;;;;;;;;;;;;;
;;;;;;;;;;;;;;;;;
;;;;;;;;;;;;;;;;;
;;;;;;;;;;;;;;;;;
;;;;;;;;;;;;;;;;;
;;;;;;;;;;;;;;;;;
;;;;;;;;;;;;;;;;;
;;;;;;;;;;;;;;;;;
;;;;;;;;;;;;;;;;;
;;;;;;;;;;;;;;;;;
;;;;;;;;;;;;;;;;;
500;tf60_reward;ictjd.sitem;70;0.700000;0.700000;;1.000000;;;;;;;;50;;
501;tf80_reward;ictahv.sitem;90;0.600000;0.500010;;1.000000;0.800000;0.800000;0.700000;0.700000;0.700000;0.700000;4;;50;
502;tf100_reward;ictm1pd_2.sitem;120;0.600000;;0.800000;0.350000;;;;;;;;;;
503;tf100_reward2;ictr1p_2.sitem;120;0.600000;1.500000;0.800000;1.000000;;;;;;;;;;
504;tm60_reward;ictm2ms.sitem;70;0.700000;0.700000;;1.000000;;;;;;;;-20;;
505;tm80_reward;ictjr.sitem;90;1.000000;1.000000;;1.000000;;;;;;;;;;
506;tm100_reward;ictalg_2.sitem;120;0.800000;1.500000;;1.000000;5.000000;0.000000;0.70000;0.700000;0.700000;0.700000;4;;;
507;tm100_reward2;ictals_2.sitem;120;0.800000;1.500000;;1.000000;5.000000;0.000000;0.700000;0.700000;0.700000;0.700000;4;;;
508;tm100_reward3;ictalb_2.sitem;120;0.800000;1.500000;;1.000000;5.000000;0.000000;0.7000000;0.700000;0.700000;0.700000;4;;;
509;tc80_reward;ictjb.sitem;90;0.700000;0.700000;;1.000000;;;;;;;;;;
510;tc100_reward;ictalg_2.sitem;120;0.700000;0.900000;;1.000000;1.000000;0.700000;0.900000;0.80000;0.600000;0.80000;4;70;;
511;th60_reward;ictja.sitem;70;0.200000;0.200000;;1.000000;;;;;;;;-50;;
512;th70_reward;ictalp.sitem;80;0.600000;0.300000;;1.000000;0.700000;0.500000;0.600000;0.500000;0.500000;0.900000;4;30;;
513;mf70_reward;icmams.sitem;80;0.500000;0.400000;;1.000000;0.700000;0.800000;0.6500000;0.500000;0.600000;0.800000;2;40;;
514;mf80_reward;icmja.sitem;90;0.700000;0.700000;;1.000000;;;;;;;;30;;
515;mf100_reward;icmm1ps_2.sitem;120;0.900000;0.300000;0.700000;1.000000;;;;;;;;50;30;
516;mf100_reward2;icmr2r_2.sitem;120;0.900000;0.300000;0.900000;1.000000;;;;;;;;50;30;
517;mm60_reward;icmjp.sitem;70;0.700000;0.700000;;1.000000;;;;;;;;10;;
518;mm80_reward;icmm2ms.sitem;90;0.400000;0.650000;0.900000;1.000000;;;;;;;;30;30;
519;mm100_reward;icmacv_2.sitem;120;0.700000;0.800000;;1.000000;0.500000;0.500000;1.800000;2.000000;0.000000;0.000000;2;20;;
520;mm100_reward2;icmacv_2.sitem;120;0.700000;0.800000;;1.000000;0.500000;0.500000;1.800000;0.000000;2.000000;0.000000;2;20;;
521;mm100_reward3;icmacv_2.sitem;120;0.700000;0.800000;;1.000000;0.500000;0.500000;1.800000;0.000000;0.000000;2.000000;2;20;;
522;mm100_reward4;icmacp_2.sitem;120;0.700000;0.800000;;1.000000;0.500000;0.500000;1.800000;2.000000;0.000000;0.000000;2;20;;
523;mm100_reward5;icmacp_2.sitem;120;0.700000;0.800000;;1.000000;0.500000;0.500000;1.800000;0.000000;2.000000;0.000000;2;20;;
524;mm100_reward6;icmacp_2.sitem;120;0.700000;0.800000;;1.000000;0.500000;0.500000;1.800000;0.000000;0.000000;2.000000;2;20;;
525;mc60_reward;icmm2pp.sitem;70;0.500000;0.800000;1.000000;1.000000;1.1000000;0.4000000;;;;;;30;;
526;mc90_reward;icmje.sitem;100;0.600000;1.000000;;1.000000;;;;;;;;-30;;
527;mc100_reward;icmahv_2.sitem;120;1.000000;0.600000;;1.000000;0.700000;1.000000;0.750000;0.800000;0.800000;0.800000;2;40;40;
528;mc100_reward2;icmahp_2.sitem;120;1.000000;0.600000;;1.000000;0.700000;1.000000;0.750000;0.800000;0.800000;0.800000;2;40;40;
529;mh70_reward;icmjr.sitem;80;1.000000;1.000000;;1.000000;;;;;;;;30;;
530;mh90_reward;icmr1b.sitem;100;0.600000;0.700000;0.700000;1.000000;;;;;;;;;;
531;ff60_reward;icfahh.sitem;70;0.700000;0.500000;;1.000000;0.600000;0.500000;0.600000;0.800000;0.600000;0.400000;0;;40;
532;ff90_reward;icfm1bm.sitem;100;0.900000;0.400000;0.600000;1.000000;;;;;;;;20;30;
533;ff100_reward;icfahv_2.sitem;120;0.900000;0.400000;;1.000000;1.000000;1.000000;0.800000;1.000000;0.800000;0.600000;0;80;;
534;ff100_reward2;icfamv_2.sitem;120;0.900000;0.400000;;1.000000;1.000000;1.000000;0.800000;1.000000;0.800000;0.600000;0;80;;
535;fm70_reward;icfjb.sitem;80;0.700000;0.700000;;1.000000;;;;;;;;;;
536;fm80_reward;icfjr.sitem;90;0.700000;0.700000;;1.000000;;;;;;;;;;
537;fm100_reward;icfm2ms_2.sitem;120;0.800000;0.600000;0.600000;1.000000;;;;;;;;20;;
538;fm100_reward2;icfm2ms_2.sitem;120;0.800000;0.600000;0.600000;1.000000;;;;;;;;50;;
539;fc60_reward;icfjd.sitem;70;0.700000;0.700000;;1.000000;;;;;;;;;;
540;fc80_reward;icfals.sitem;90;0.700000;0.400000;;1.000000;0.800000;0.500000;0.700000;0.700000;0.500000;0.700000;0;;;
541;fc80_reward2;icfams.sitem;90;0.700000;0.400000;;1.000000;0.650000;0.650000;0.700000;0.700000;0.500000;0.700000;0;30;;
542;fc80_reward3;icfahs.sitem;90;0.700000;0.400000;;1.000000;0.500000;0.800000;0.700000;0.700000;0.500000;0.700000;0;50;;
543;fc100_reward;icfm2ss_2.sitem;120;0.800000;0.100000;0.500000;1.000000;0.7000000;0.9000000;;;;;;150;;
544;fc100_reward2;icfr2l_2.sitem;120;0.800000;0.100000;0.500000;1.000000;;;;;;;;150;;
545;fh60_reward;icfjp.sitem;70;0.700000;0.700000;;1.000000;;;;;;;;;;
546;fh90_reward;icfalb.sitem;100;0.600000;1.000000;;1.000000;-1.000000;2.000000;0.900000;-1.000000;0.900000;0.900000;0;50;;
547;zf70_reward;iczjb.sitem;80;0.700000;0.700000;;1.000000;;;;;;;;40;;
548;zf90_reward;iczahp.sitem;100;0.600000;0.700000;;1.000000;0.700000;0.700000;0.700000;0.700000;0.700000;1.000000;5;40;20;
549;zf100_reward;iczm1ss_2.sitem;120;0.600000;1.000000;0.800000;1.000000;;;;;;;;;50;
550;zf100_reward2;iczr2r_2.sitem;120;0.600000;1.000000;0.800000;1.000000;;;;;;;;;50;
551;zm60_reward;iczjp.sitem;70;0.700000;0.700000;;1.000000;;;;;;;;;;
552;zm80_reward;iczalb.sitem;90;0.400000;1.000000;;1.000000;-2.000000;-1.100000;0.500000;0.500000;0.500000;0.500000;5;-50;;
553;zm100_reward;iczm2ms_2.sitem;120;0.600000;0.900000;0.900000;1.000000;;;;;;;;-20;;
554;zc60_reward;iczals.sitem;70;0.500000;1.000000;;1.000000;3.000000;0.000000;0.500000;0.500000;0.750000;0.250000;5;-30;;
555;zc70_reward;iczjb.sitem;80;0.700000;0.700000;;1.000000;;;;;;;;20;20;
556;zc100_reward;iczjb_2.sitem;120;1.000000;1.000000;;1.000000;;;;;;;;30;30;
557;zh70_reward;iczalg.sitem;80;0.600000;0.700000;;1.000000;-1.000000;-1.000000;0.800000;0.800000;0.800000;0.800000;5;;;
558;zh80_reward;iczjr.sitem;120;0.700000;0.700000;;1.000000;;;;;;;;;;
559;mp_dague;small_living_sculpture.sitem;80;;;;;;;;;;;;;;
;;;;;;;;;;;;;;;;;
;;;;;;;;;;;;;;;;;
;;;;;;;;;;;;;;;;;
;;;;;;;;;;;;;;;;;
;;;;;;;;;;;;;;;;;
;;;;;;;;;;;;;;;;;
;;;;;;;;;;;;;;;;;
;;;;;;;;;;;;;;;;;
;;;;;;;;;;;;;;;;;
;;;;;;;;;;;;;;;;;
;;;;;;;;;;;;;;;;;
;;;;;;;;;;;;;;;;;
;;;;;;;;;;;;;;;;;
;;;;;;;;;;;;;;;;;
;;;;;;;;;;;;;;;;;
;;;;;;;;;;;;;;;;;
;;;;;;;;;;;;;;;;;
;;;;;;;;;;;;;;;;;
;;;;;;;;;;;;;;;;;
;;;;;;;;;;;;;;;;;
;;;;;;;;;;;;;;;;;
;;;;;;;;;;;;;;;;;
;;;;;;;;;;;;;;;;;
;;;;;;;;;;;;;;;;;
;;;;;;;;;;;;;;;;;
;;;;;;;;;;;;;;;;;
;;;;;;;;;;;;;;;;;
;;;;;;;;;;;;;;;;;
;;;;;;;;;;;;;;;;;
;;;;;;;;;;;;;;;;;
;;;;;;;;;;;;;;;;;
;;;;;;;;;;;;;;;;;
;;;;;;;;;;;;;;;;;
;;;;;;;;;;;;;;;;;
;;;;;;;;;;;;;;;;;
;;;;;;;;;;;;;;;;;
;;;;;;;;;;;;;;;;;
;;;;;;;;;;;;;;;;;
;;;;;;;;;;;;;;;;;
;;;;;;;;;;;;;;;;;
600;ff70_reward_jwl;icfjr_2.sitem;100;1.500000;0.100000;;1.500000;;;;;;;;50;;
601;tf70_reward_jwl;ictja_2.sitem;100;1.200000;0.700000;;1.500000;;;;;;;;50;;
602;zf70_reward_jwl;iczjb_2.sitem;100;1.200000;0.700000;;1.500000;;;;;;;;50;;
603;mf70_reward_jwl;icmje_2.sitem;100;1.500000;0.100000;;1.500000;;;;;;;;50;;
604;ff90_reward_armor;icfahp_2.sitem;100;0.800000;0.400000;1000.000000;3.000000;0.200000;0.500000;0.700000;.500000;0.620000;0.500000;6;50;;
605;tf90_reward_armor2;ictahb_2.sitem;100;0.400000;0.700000;1000.000000;3.000000;0.700000;0.500000;0.500000;.620000;0.500000;0.500000;6;50;;
606;tf90_reward_armor1;ictahh_2.sitem;100;0.400000;0.700000;1000.000000;3.000000;0.700000;0.500000;0.500000;.620000;0.500000;0.500000;6;50;;
607;mf90_reward_armor;icmahv_2.sitem;100;0.800000;0.400000;1000.000000;3.000000;0.200000;0.500000;0.700000;.500000;0.500000;0.620000;6;50;;
608;zf90_reward_armor1;iczahs_2.sitem;100;0.400000;0.700000;1000.000000;3.000000;0.700000;0.500000;0.500000;.500000;0.620000;0.500000;6;50;;
609;zf90_reward_armor2;Iczahg_2.sitem;100;0.400000;0.700000;1000.000000;3.000000;0.700000;0.500000;0.500000;.500000;0.500000;0.620000;6;50;;
610;ff100_reward_melee;icbm2sa.sitem;110;0.700000;0.500000;0.300000;0.500000;0.4000000;0.5000000;;;;;;;80;
611;tf100_reward_melee1;icbm1ss.sitem;110;0.600000;0.700000;0.300000;0.500000;0.7000000;0.4000000;;;;;;;50;
612;mf100_reward_melee;icbm2pp.sitem;110;0.600000;0.500000;0.300000;0.500000;0.6000000;0.5000000;;;;;;;80;
613;zf100_reward_melee;icbm2bm.sitem;110;0.700000;0.500000;0.300000;0.500000;0.4000000;0.5000000;;;;;;;80;
614;ff100_reward_range;icbr2a.sitem;110;0.400000;0.400000;0.300000;0.500000;0.4000000;0.7000000;;;;;;;80;
615;tf100_reward_range;icbr1p.sitem;110;0.400000;0.600000;0.300000;0.500000;0.7000000;0.4000000;;;;;;;80;
616;mf100_reward_range;icbr2r.sitem;110;0.500000;0.500000;0.300000;0.500000;0.7000000;0.4000000;;;;;;;80;
617;zf100_reward_range;icbr2l.sitem;110;0.500000;0.400000;0.300000;0.500000;0.7000000;0.4000000;;;;;;;80;
618;tf100_reward_melee2;icbm1pd.sitem;110;0.600000;0.700000;0.300000;0.500000;0.7000000;0.4000000;;;;;;;50;
;;;;;;;;;;;;;;;;;
;;;;;;;;;;;;;;;;;
;;;;;;;;;;;;;;;;;
;;;;;;;;;;;;;;;;;
;;;;;;;;;;;;;;;;;
;;;;;;;;;;;;;;;;;
;;;;;;;;;;;;;;;;;
;;;;;;;;;;;;;;;;;
;;;;;;;;;;;;;;;;;
;;;;;;;;;;;;;;;;;
;;;;;;;;;;;;;;;;;
;;;;;;;;;;;;;;;;;
;;;;;;;;;;;;;;;;;
;;;;;;;;;;;;;;;;;
;;;;;;;;;;;;;;;;;
;;;;;;;;;;;;;;;;;
;;;;;;;;;;;;;;;;;
;;;;;;;;;;;;;;;;;
;;;;;;;;;;;;;;;;;
;;;;;;;;;;;;;;;;;
;;;;;;;;;;;;;;;;;
;;;;;;;;;;;;;;;;;
;;;;;;;;;;;;;;;;;
;;;;;;;;;;;;;;;;;
;;;;;;;;;;;;;;;;;
;;;;;;;;;;;;;;;;;
;;;;;;;;;;;;;;;;;
;;;;;;;;;;;;;;;;;
;;;;;;;;;;;;;;;;;
;;;;;;;;;;;;;;;;;
;;;;;;;;;;;;;;;;;
;;;;;;;;;;;;;;;;;
;;;;;;;;;;;;;;;;;
;;;;;;;;;;;;;;;;;
;;;;;;;;;;;;;;;;;
;;;;;;;;;;;;;;;;;
;;;;;;;;;;;;;;;;;
;;;;;;;;;;;;;;;;;
;;;;;;;;;;;;;;;;;
;;;;;;;;;;;;;;;;;
;;;;;;;;;;;;;;;;;
;;;;;;;;;;;;;;;;;
;;;;;;;;;;;;;;;;;
;;;;;;;;;;;;;;;;;
;;;;;;;;;;;;;;;;;
;;;;;;;;;;;;;;;;;
;;;;;;;;;;;;;;;;;
;;;;;;;;;;;;;;;;;
;;;;;;;;;;;;;;;;;
;;;;;;;;;;;;;;;;;
;;;;;;;;;;;;;;;;;
;;;;;;;;;;;;;;;;;
671;boss_mainland_fyros_gloves;iccahg.sitem;200;0.500000;1.000000;1000.000000;3.000000;1.250000;1.250000;1.000000;1.000000;1.000000;1.000000;1;150;50;Fire
672;boss_mainland_fyros_boots;iccahb.sitem;200;0.500000;1.000000;1000.000000;3.000000;1.250000;1.250000;1.000000;1.000000;1.000000;1.000000;1;150;50;Fire
673;boss_mainland_fyros_pants;iccahp.sitem;200;0.500000;1.000000;1000.000000;3.000000;1.250000;1.250000;1.000000;1.000000;1.000000;1.000000;1;150;50;Fire
674;boss_mainland_fyros_vest;iccahv.sitem;200;0.500000;1.000000;1000.000000;3.000000;1.250000;1.250000;1.000000;1.000000;1.000000;1.000000;1;150;50;Fire
675;boss_mainland_fyros_sleeves;iccahs.sitem;200;0.500000;1.000000;1000.000000;3.000000;1.250000;1.250000;1.000000;1.000000;1.000000;1.000000;1;150;50;Fire
676;boss_mainland_fyros_helmet;iccahh.sitem;200;0.500000;1.000000;1000.000000;3.000000;1.250000;1.250000;1.000000;1.000000;1.000000;1.000000;1;150;50;Fire
677;boss_mainland_tryker_gloves;iccahg.sitem;200;0.500000;1.000000;1000.000000;3.000000;1.250000;1.250000;1.000000;1.000000;1.000000;1.000000;3;150;;shockwave
678;boss_mainland_tryker_boots;iccahb.sitem;200;0.500000;1.000000;1000.000000;3.000000;1.250000;1.250000;1.000000;1.000000;1.000000;1.000000;3;150;;shockwave
679;boss_mainland_tryker_pants;iccahp.sitem;200;0.500000;1.000000;1000.000000;3.000000;1.250000;1.250000;1.000000;1.000000;1.000000;1.000000;3;150;;shockwave
680;boss_mainland_tryker_vest;iccahv.sitem;200;0.500000;1.000000;1000.000000;3.000000;1.250000;1.250000;1.000000;1.000000;1.000000;1.000000;3;150;;shockwave
681;boss_mainland_tryker_sleeves;iccahs.sitem;200;0.500000;1.000000;1000.000000;3.000000;1.250000;1.250000;1.000000;1.000000;1.000000;1.000000;3;150;;shockwave
682;boss_mainland_tryker_helmet;iccahh.sitem;200;0.500000;1.000000;1000.000000;3.000000;1.250000;1.250000;1.000000;1.000000;1.000000;1.000000;3;150;;shockwave
683;boss_mainland_matis_gloves;iccahg.sitem;200;0.500000;1.000000;1000.000000;3.000000;1.250000;1.250000;1.000000;1.000000;1.000000;1.000000;2;150;50;Poison
684;boss_mainland_matis_boots;iccahb.sitem;200;0.500000;1.000000;1000.000000;3.000000;1.250000;1.250000;1.000000;1.000000;1.000000;1.000000;2;150;50;Poison
685;boss_mainland_matis_pants;iccahp.sitem;200;0.500000;1.000000;1000.000000;3.000000;1.250000;1.250000;1.000000;1.000000;1.000000;1.000000;2;150;50;Poison
686;boss_mainland_matis_vest;iccahv.sitem;200;0.500000;1.000000;1000.000000;3.000000;1.250000;1.250000;1.000000;1.000000;1.000000;1.000000;2;150;50;Poison
687;boss_mainland_matis_sleeves;iccahs.sitem;200;0.500000;1.000000;1000.000000;3.000000;1.250000;1.250000;1.000000;1.000000;1.000000;1.000000;2;150;50;Poison
688;boss_mainland_matis_helmet;iccahh.sitem;200;0.500000;1.000000;1000.000000;3.000000;1.250000;1.250000;1.000000;1.000000;1.000000;1.000000;2;150;50;Poison
689;boss_mainland_zorai_gloves;iccahg.sitem;200;0.500000;1.000000;1000.000000;3.000000;1.250000;1.250000;1.000000;1.000000;1.000000;1.000000;5;150;;electricity
690;boss_mainland_zorai_boots;iccahb.sitem;200;0.500000;1.000000;1000.000000;3.000000;1.250000;1.250000;1.000000;1.000000;1.000000;1.000000;5;150;;electricity
691;boss_mainland_zorai_pants;iccahp.sitem;200;0.500000;1.000000;1000.000000;3.000000;1.250000;1.250000;1.000000;1.000000;1.000000;1.000000;5;150;;electricity
692;boss_mainland_zorai_vest;iccahv.sitem;200;0.500000;1.000000;1000.000000;3.000000;1.250000;1.250000;1.000000;1.000000;1.000000;1.000000;5;150;;electricity
693;boss_mainland_zorai_sleeves;iccahs.sitem;200;0.500000;1.000000;1000.000000;3.000000;1.250000;1.250000;1.000000;1.000000;1.000000;1.000000;5;150;;electricity
694;boss_mainland_zorai_helmet;iccahh.sitem;200;0.500000;1.000000;1000.000000;3.000000;1.250000;1.250000;1.000000;1.000000;1.000000;1.000000;5;150;;electricity
695;casinoshieldpreo;casinoshield_pre_order.sitem;100;;;;;;;;;;;;;;
696;viktor_test_compteur;casinoshield_pre_order.sitem;1;;;;;;;;;;;;;;
;;;;;;;;;;;;;;;;;
;;;;;;;;;;;;;;;;;
;;;;;;;;;;;;;;;;;
;;;;;;;;;;;;;;;;;
;;;;;;;;;;;;;;;;;
;;;;;;;;;;;;;;;;;
;;;;;;;;;;;;;;;;;
;;;;;;;;;;;;;;;;;
;;;;;;;;;;;;;;;;;
;;;;;;;;;;;;;;;;;
;;;;;;;;;;;;;;;;;
;;;;;;;;;;;;;;;;;
;;;;;;;;;;;;;;;;;
;;;;;;;;;;;;;;;;;
;;;;;;;;;;;;;;;;;
;;;;;;;;;;;;;;;;;
;;;;;;;;;;;;;;;;;
;;;;;;;;;;;;;;;;;
;;;;;;;;;;;;;;;;;
;;;;;;;;;;;;;;;;;
;;;;;;;;;;;;;;;;;
;;;;;;;;;;;;;;;;;
;;;;;;;;;;;;;;;;;
;;;;;;;;;;;;;;;;;
;;;;;;;;;;;;;;;;;
;;;;;;;;;;;;;;;;;
;;;;;;;;;;;;;;;;;
;;;;;;;;;;;;;;;;;
;;;;;;;;;;;;;;;;;
;;;;;;;;;;;;;;;;;
;;;;;;;;;;;;;;;;;
;;;;;;;;;;;;;;;;;
;;;;;;;;;;;;;;;;;
;;;;;;;;;;;;;;;;;
;;;;;;;;;;;;;;;;;
;;;;;;;;;;;;;;;;;
;;;;;;;;;;;;;;;;;
;;;;;;;;;;;;;;;;;
;;;;;;;;;;;;;;;;;
;;;;;;;;;;;;;;;;;
;;;;;;;;;;;;;;;;;
;;;;;;;;;;;;;;;;;
;;;;;;;;;;;;;;;;;
;;;;;;;;;;;;;;;;;
;;;;;;;;;;;;;;;;;
;;;;;;;;;;;;;;;;;
;;;;;;;;;;;;;;;;;
;;;;;;;;;;;;;;;;;
;;;;;;;;;;;;;;;;;
;;;;;;;;;;;;;;;;;
;;;;;;;;;;;;;;;;;
;;;;;;;;;;;;;;;;;
;;;;;;;;;;;;;;;;;
;;;;;;;;;;;;;;;;;
;;;;;;;;;;;;;;;;;
;;;;;;;;;;;;;;;;;
;;;;;;;;;;;;;;;;;
;;;;;;;;;;;;;;;;;
;;;;;;;;;;;;;;;;;
;;;;;;;;;;;;;;;;;
;;;;;;;;;;;;;;;;;
;;;;;;;;;;;;;;;;;
;;;;;;;;;;;;;;;;;
;;;;;;;;;;;;;;;;;
;;;;;;;;;;;;;;;;;
;;;;;;;;;;;;;;;;;
;;;;;;;;;;;;;;;;;
;;;;;;;;;;;;;;;;;
;;;;;;;;;;;;;;;;;
;;;;;;;;;;;;;;;;;
;;;;;;;;;;;;;;;;;
;;;;;;;;;;;;;;;;;
;;;;;;;;;;;;;;;;;
;;;;;;;;;;;;;;;;;
;;;;;;;;;;;;;;;;;
;;;;;;;;;;;;;;;;;
;;;;;;;;;;;;;;;;;
;;;;;;;;;;;;;;;;;
;;;;;;;;;;;;;;;;;
;;;;;;;;;;;;;;;;;
;;;;;;;;;;;;;;;;;
;;;;;;;;;;;;;;;;;
;;;;;;;;;;;;;;;;;
;;;;;;;;;;;;;;;;;
;;;;;;;;;;;;;;;;;
;;;;;;;;;;;;;;;;;
;;;;;;;;;;;;;;;;;
;;;;;;;;;;;;;;;;;
;;;;;;;;;;;;;;;;;
;;;;;;;;;;;;;;;;;
;;;;;;;;;;;;;;;;;
;;;;;;;;;;;;;;;;;
;;;;;;;;;;;;;;;;;
;;;;;;;;;;;;;;;;;
;;;;;;;;;;;;;;;;;
;;;;;;;;;;;;;;;;;
;;;;;;;;;;;;;;;;;
;;;;;;;;;;;;;;;;;
;;;;;;;;;;;;;;;;;
;;;;;;;;;;;;;;;;;
;;;;;;;;;;;;;;;;;
;;;;;;;;;;;;;;;;;
;;;;;;;;;;;;;;;;;
;;;;;;;;;;;;;;;;;
;;;;;;;;;;;;;;;;;
;;;;;;;;;;;;;;;;;
;;;;;;;;;;;;;;;;;
;;;;;;;;;;;;;;;;;
;;;;;;;;;;;;;;;;;
;;;;;;;;;;;;;;;;;
;;;;;;;;;;;;;;;;;
;;;;;;;;;;;;;;;;;
;;;;;;;;;;;;;;;;;
;;;;;;;;;;;;;;;;;
;;;;;;;;;;;;;;;;;
;;;;;;;;;;;;;;;;;
;;;;;;;;;;;;;;;;;
;;;;;;;;;;;;;;;;;
;;;;;;;;;;;;;;;;;
;;;;;;;;;;;;;;;;;
;;;;;;;;;;;;;;;;;
;;;;;;;;;;;;;;;;;
;;;;;;;;;;;;;;;;;
;;;;;;;;;;;;;;;;;
;;;;;;;;;;;;;;;;;
;;;;;;;;;;;;;;;;;
;;;;;;;;;;;;;;;;;
;;;;;;;;;;;;;;;;;
;;;;;;;;;;;;;;;;;
;;;;;;;;;;;;;;;;;
;;;;;;;;;;;;;;;;;
;;;;;;;;;;;;;;;;;
;;;;;;;;;;;;;;;;;
;;;;;;;;;;;;;;;;;
;;;;;;;;;;;;;;;;;
;;;;;;;;;;;;;;;;;
;;;;;;;;;;;;;;;;;
;;;;;;;;;;;;;;;;;
;;;;;;;;;;;;;;;;;
;;;;;;;;;;;;;;;;;
;;;;;;;;;;;;;;;;;
;;;;;;;;;;;;;;;;;
;;;;;;;;;;;;;;;;;
;;;;;;;;;;;;;;;;;
;;;;;;;;;;;;;;;;;
;;;;;;;;;;;;;;;;;
;;;;;;;;;;;;;;;;;
;;;;;;;;;;;;;;;;;
;;;;;;;;;;;;;;;;;
;;;;;;;;;;;;;;;;;
;;;;;;;;;;;;;;;;;
;;;;;;;;;;;;;;;;;
;;;;;;;;;;;;;;;;;
;;;;;;;;;;;;;;;;;
;;;;;;;;;;;;;;;;;
;;;;;;;;;;;;;;;;;
;;;;;;;;;;;;;;;;;
;;;;;;;;;;;;;;;;;
;;;;;;;;;;;;;;;;;
;;;;;;;;;;;;;;;;;
;;;;;;;;;;;;;;;;;
;;;;;;;;;;;;;;;;;
;;;;;;;;;;;;;;;;;
;;;;;;;;;;;;;;;;;
;;;;;;;;;;;;;;;;;
;;;;;;;;;;;;;;;;;
;;;;;;;;;;;;;;;;;
;;;;;;;;;;;;;;;;;
;;;;;;;;;;;;;;;;;
;;;;;;;;;;;;;;;;;
;;;;;;;;;;;;;;;;;
;;;;;;;;;;;;;;;;;
;;;;;;;;;;;;;;;;;
;;;;;;;;;;;;;;;;;
;;;;;;;;;;;;;;;;;
;;;;;;;;;;;;;;;;;
;;;;;;;;;;;;;;;;;
;;;;;;;;;;;;;;;;;
;;;;;;;;;;;;;;;;;
;;;;;;;;;;;;;;;;;
;;;;;;;;;;;;;;;;;
;;;;;;;;;;;;;;;;;
;;;;;;;;;;;;;;;;;
;;;;;;;;;;;;;;;;;
;;;;;;;;;;;;;;;;;
;;;;;;;;;;;;;;;;;
;;;;;;;;;;;;;;;;;
;;;;;;;;;;;;;;;;;
;;;;;;;;;;;;;;;;;
;;;;;;;;;;;;;;;;;
;;;;;;;;;;;;;;;;;
;;;;;;;;;;;;;;;;;
;;;;;;;;;;;;;;;;;
;;;;;;;;;;;;;;;;;
;;;;;;;;;;;;;;;;;
;;;;;;;;;;;;;;;;;
;;;;;;;;;;;;;;;;;
;;;;;;;;;;;;;;;;;
;;;;;;;;;;;;;;;;;
;;;;;;;;;;;;;;;;;
;;;;;;;;;;;;;;;;;
;;;;;;;;;;;;;;;;;
;;;;;;;;;;;;;;;;;
;;;;;;;;;;;;;;;;;
;;;;;;;;;;;;;;;;;
;;;;;;;;;;;;;;;;;
;;;;;;;;;;;;;;;;;
;;;;;;;;;;;;;;;;;
;;;;;;;;;;;;;;;;;
;;;;;;;;;;;;;;;;;
;;;;;;;;;;;;;;;;;
;;;;;;;;;;;;;;;;;
;;;;;;;;;;;;;;;;;
;;;;;;;;;;;;;;;;;
;;;;;;;;;;;;;;;;;
;;;;;;;;;;;;;;;;;
;;;;;;;;;;;;;;;;;
;;;;;;;;;;;;;;;;;
;;;;;;;;;;;;;;;;;
;;;;;;;;;;;;;;;;;
;;;;;;;;;;;;;;;;;
;;;;;;;;;;;;;;;;;
;;;;;;;;;;;;;;;;;
;;;;;;;;;;;;;;;;;
;;;;;;;;;;;;;;;;;
;;;;;;;;;;;;;;;;;
;;;;;;;;;;;;;;;;;
;;;;;;;;;;;;;;;;;
;;;;;;;;;;;;;;;;;
;;;;;;;;;;;;;;;;;
;;;;;;;;;;;;;;;;;
;;;;;;;;;;;;;;;;;
;;;;;;;;;;;;;;;;;
;;;;;;;;;;;;;;;;;
;;;;;;;;;;;;;;;;;
;;;;;;;;;;;;;;;;;
;;;;;;;;;;;;;;;;;
;;;;;;;;;;;;;;;;;
;;;;;;;;;;;;;;;;;
;;;;;;;;;;;;;;;;;
;;;;;;;;;;;;;;;;;
;;;;;;;;;;;;;;;;;
;;;;;;;;;;;;;;;;;
;;;;;;;;;;;;;;;;;
;;;;;;;;;;;;;;;;;
;;;;;;;;;;;;;;;;;
;;;;;;;;;;;;;;;;;
;;;;;;;;;;;;;;;;;
;;;;;;;;;;;;;;;;;
;;;;;;;;;;;;;;;;;
;;;;;;;;;;;;;;;;;
;;;;;;;;;;;;;;;;;
;;;;;;;;;;;;;;;;;
;;;;;;;;;;;;;;;;;
;;;;;;;;;;;;;;;;;
;;;;;;;;;;;;;;;;;
;;;;;;;;;;;;;;;;;
;;;;;;;;;;;;;;;;;
;;;;;;;;;;;;;;;;;
;;;;;;;;;;;;;;;;;
;;;;;;;;;;;;;;;;;
;;;;;;;;;;;;;;;;;
;;;;;;;;;;;;;;;;;
;;;;;;;;;;;;;;;;;
;;;;;;;;;;;;;;;;;
;;;;;;;;;;;;;;;;;
;;;;;;;;;;;;;;;;;
;;;;;;;;;;;;;;;;;
;;;;;;;;;;;;;;;;;
;;;;;;;;;;;;;;;;;
;;;;;;;;;;;;;;;;;
;;;;;;;;;;;;;;;;;
;;;;;;;;;;;;;;;;;
;;;;;;;;;;;;;;;;;
;;;;;;;;;;;;;;;;;
;;;;;;;;;;;;;;;;;
;;;;;;;;;;;;;;;;;
;;;;;;;;;;;;;;;;;
;;;;;;;;;;;;;;;;;
;;;;;;;;;;;;;;;;;
;;;;;;;;;;;;;;;;;
;;;;;;;;;;;;;;;;;
979;super_ampli_ulukynien;icfm2ms_3.sitem;250;1200.000000;0.100000;120.0000000;12000.0000;;;;;;;;30000;;
980;xmas_pant;icrapr.sitem;1;1.000000;0.100000;;0.350000;0.500000;0.500000;-0.500000;-0.500000;-0.500000;-0.500000;0;150;0;
981;xmas_vest;icravw.sitem;1;1.000000;0.100000;;0.350000;0.500000;0.500000;-0.500000;-0.500000;-0.500000;-0.500000;6;150;0;
982;epee_ulukyn_le_baleze;icbm2ss_2.sitem;250;6.000000;0.1000000;6.000000;1.000000;6.000000;6.000000;;;;;;12000;12000;
983;bouclier_pre_order;casinoshield_pre_order.sitem;250;;;;;;;;;;;;;;
984;soutif;igmvu.sitem;1;;;;;;;;;;;7;;;
985;string;igmpu.sitem;1;;;;;;;;;;;1;;;
986;petit_bouclier_1;icbsb_3.sitem;250;;;;;;;;;;;;;;
987;mar_med_5;iccamv.sitem;250;;;;;;;;;;;0;;;
988;mar_med_4;iccams.sitem;250;;;;;;;;;;;0;;;
989;mar_med_3;iccamp.sitem;250;;;;;;;;;;;0;;;
990;mar_med_2;iccamg.sitem;250;;;;;;;;;;;0;;;
991;mar_med_1;iccamb.sitem;250;;;;;;;;;;;0;;;
992;lance_transp;ichm2pp_hom.sitem;250;0.800000;0.100000;0.500000;1.000000;5.0000000;4.6000000;;;;;;1500;;
993;masse_transp;ichm2bm_hom.sitem;250;0.800000;0.100000;0.500000;1.000000;5.0000000;4.6000000;;;;;;1500;;
994;epee_transp;ichm2ss_hom.sitem;250;0.800000;0.100000;0.500000;1.000000;5.0000000;4.6000000;;;;;;1500;;
995;sword_of_thousand_truth_f;fy_weapon_leader_dexton.sitem;250;0.800000;0.100000;0.500000;1.000000;5.0000000;4.6000000;;;;;;1500;;
996;sword_of_thousand_truth_m;ma_weapon_leader_yrkanis.sitem;250;0.800000;0.100000;0.500000;1.000000;5.0000000;4.6000000;;;;;;1500;;
997;sword_of_thousand_truth_z;zo_weapon_leader_mabreka.sitem;250;0.800000;0.100000;0.500000;1.000000;5.0000000;4.6000000;;;;;;1500;;
998;sword_of_thousand_truth;tr_weapon_leader_still_wyler.sitem;250;0.800000;0.100000;0.500000;1.000000;5.0000000;4.6000000;;;;;;1500;;
999;corsairs_weapon;icbm1pd.sitem;200;0.500000;1.000000;;10.000000;1.000000;1.000000;1.000000;1.000000;1.000000;1.000000;;200;10;
